1010.8,27.2,21.4,71,-999,0,-999,-999
1010.8,27.2,21.4,71,-999,0,-999,-999
1010.8,27.2,21.6,72,-999,0,-999,-999
1010.8,27.2,21.4,71,-999,0,-999,-999
1010.8,27,21.2,71,-999,0,-999,-999
1010.7,27.1,21.3,71,-999,0,-999,-999
1010.4,27.6,21,67,-999,0,-999,-999
1008.9,28.5,21.3,64,-999,0,-999,-999
1007.1,28.4,21,63,-999,0,-999,-999
1006.1,28.4,21,63,-999,0,-999,-999
1005.7,28.4,21,63,-999,0,-999,-999
1004.9,28.4,21,63,-999,0,-999,-999
1003.2,28.2,20.8,63,-999,0,-999,-999
1002.8,28.2,20.8,63,-999,0,-999,-999
1002.3,28.2,20.8,63,-999,0,-999,-999
1001.2,28.1,20.7,63,-999,0,-999,-999
1000.2,28,20.6,63,-999,0,-999,-999
999.8,27.9,20.5,63,-999,0,-999,-999
999.2,27.9,20.7,64,-999,0,-999,-999
997.7,27.8,20.6,64,-999,0,-999,-999
996.6,27.7,20.5,64,-999,0,-999,-999
995.5,27.6,20.4,64,-999,0,-999,-999
994.2,27.4,20.4,65,-999,0,-999,-999
993.9,27.4,20.4,65,-999,0,-999,-999
993.1,27.3,20.3,65,-999,0,-999,-999
991.3,27.2,20.4,66,-999,0,-999,-999
990.8,27.1,20.3,66,-999,0,-999,-999
990,27,20.2,66,-999,0,-999,-999
989.2,27,20.2,66,-999,0,-999,-999
988.8,26.9,20.3,67,-999,0,-999,-999
988,26.9,20.3,67,-999,0,-999,-999
986.4,26.7,20.1,67,-999,0,-999,-999
986.2,26.7,20.1,67,-999,0,-999,-999
985.8,26.7,20.3,68,-999,0,-999,-999
985.5,26.7,20.3,68,-999,0,-999,-999
985.3,26.6,20.2,68,-999,0,-999,-999
984.7,26.6,20.2,68,-999,0,-999,-999
984.5,26.6,20.2,68,-999,0,-999,-999
984,26.5,20.1,68,-999,0,-999,-999
983.8,26.5,20.1,68,-999,0,-999,-999
982.9,26.4,20,68,-999,0,-999,-999
981.8,26.3,19.9,68,-999,0,-999,-999
979.2,26.1,19.9,69,-999,0,-999,-999
978.5,26.1,19.9,69,-999,0,-999,-999
978,26,19.8,69,-999,0,-999,-999
977.7,26,19.8,69,-999,0,-999,-999
977.2,26,20,70,-999,0,-999,-999
976.8,25.9,19.9,70,-999,0,-999,-999
976.2,25.9,19.9,70,-999,0,-999,-999
975.9,25.8,19.8,70,-999,0,-999,-999
975.5,25.8,19.8,70,-999,0,-999,-999
974.9,25.8,19.8,70,-999,0,-999,-999
972.1,25.6,19.6,70,-999,0,-999,-999
971.4,25.5,19.5,70,-999,0,-999,-999
969.9,25.4,19.6,71,-999,0,-999,-999
968.9,25.3,19.5,71,-999,0,-999,-999
965.6,25,19.4,72,-999,0,-999,-999
963.6,24.9,19.5,73,-999,0,-999,-999
963,24.8,19.4,73,-999,0,-999,-999
962,24.7,19.3,73,-999,0,-999,-999
961.5,24.7,19.3,73,-999,0,-999,-999
960,24.5,19.3,74,-999,0,-999,-999
959.6,24.5,19.3,74,-999,0,-999,-999
959.2,24.5,19.3,74,-999,0,-999,-999
958.8,24.4,19.2,74,-999,0,-999,-999
958.1,24.4,19.4,75,-999,0,-999,-999
957.9,24.3,19.3,75,-999,0,-999,-999
957.4,24.3,19.3,75,-999,0,-999,-999
956.9,24.2,19.2,75,-999,0,-999,-999
956.7,24.2,19.4,76,-999,0,-999,-999
954.2,24,19.2,76,-999,0,-999,-999
951.8,23.8,19.2,77,-999,0,-999,-999
951,23.8,19.2,77,-999,0,-999,-999
950.2,23.7,19.1,77,-999,0,-999,-999
949.1,23.6,19,77,-999,0,-999,-999
949.1,23.6,19,77,-999,0,-999,-999
948.5,23.5,18.9,77,-999,0,-999,-999
943.1,23.1,18.9,79,-999,0,-999,-999
942.3,23,18.8,79,-999,0,-999,-999
942,23,18.8,79,-999,0,-999,-999
940.5,22.9,18.7,79,-999,0,-999,-999
938.7,22.8,18.6,79,-999,0,-999,-999
934.9,22.5,18.7,81,-999,0,-999,-999
934.3,22.4,18.6,81,-999,0,-999,-999
933.1,22.3,18.5,81,-999,0,-999,-999
932.4,22.3,18.5,81,-999,0,-999,-999
931.9,22.2,18.4,81,-999,0,-999,-999
930.1,22.2,18.6,82,-999,0,-999,-999
929,21.9,18.3,82,-999,0,-999,-999
928.4,21.9,18.3,82,-999,0,-999,-999
926.6,21.8,18.2,82,-999,0,-999,-999
926.6,21.8,18.2,82,-999,0,-999,-999
926,21.8,18,81,-999,0,-999,-999
925.7,21.8,18,81,-999,0,-999,-999
924.8,21.8,18,81,-999,0,-999,-999
924.3,21.7,17.9,81,-999,0,-999,-999
923.4,21.6,17.8,81,-999,0,-999,-999
922.9,21.6,17.8,81,-999,0,-999,-999
921.4,21.4,17.8,82,-999,0,-999,-999
919.4,21.3,17.7,82,-999,0,-999,-999
919.9,21.4,17.8,82,-999,0,-999,-999
919.1,21.4,17.6,81,-999,0,-999,-999
918.4,21.3,17.5,81,-999,0,-999,-999
917,21.1,17.5,82,-999,0,-999,-999
916.7,21.1,17.5,82,-999,0,-999,-999
915.8,21,17.4,82,-999,0,-999,-999
915.6,21,17.4,82,-999,0,-999,-999
915.1,21,17.6,83,-999,0,-999,-999
914.6,20.9,17.5,83,-999,0,-999,-999
913.9,20.9,17.3,82,-999,0,-999,-999
913.2,20.9,17.1,81,-999,0,-999,-999
914.6,21.3,17.5,81,-999,0,-999,-999
912.4,20.9,17.1,81,-999,0,-999,-999
912,20.9,17.1,81,-999,0,-999,-999
911.1,20.9,16.9,80,-999,0,-999,-999
910.2,20.9,16.9,80,-999,0,-999,-999
910.6,20.9,16.7,79,-999,0,-999,-999
908.9,20.7,16.5,79,-999,0,-999,-999
908.7,20.7,16.5,79,-999,0,-999,-999
908.4,20.7,16.5,79,-999,0,-999,-999
908.1,20.6,16.6,80,-999,0,-999,-999
907.2,20.6,16.4,79,-999,0,-999,-999
907,20.7,16.5,79,-999,0,-999,-999
905.5,20.4,16.2,79,-999,0,-999,-999
906.1,20.6,16.4,79,-999,0,-999,-999
905.7,20.5,16.3,79,-999,0,-999,-999
905.2,20.5,16.3,79,-999,0,-999,-999
904.9,20.4,16.2,79,-999,0,-999,-999
903.5,20.3,16.1,79,-999,0,-999,-999
904,20.3,16.3,80,-999,0,-999,-999
903.6,20.4,16.4,80,-999,0,-999,-999
903.6,20.2,16.2,80,-999,0,-999,-999
902.4,20.2,16.2,80,-999,0,-999,-999
901.8,20.2,16.2,80,-999,0,-999,-999
901.7,20.2,16.2,80,-999,0,-999,-999
900.9,20.1,16.1,80,-999,0,-999,-999
900.5,20.1,15.9,79,-999,0,-999,-999
899.6,19.9,15.7,79,-999,0,-999,-999
899.2,20,15.8,79,-999,0,-999,-999
899.1,20,15.8,79,-999,0,-999,-999
909.9,22.9,18.9,80,-999,0,-999,-999
898.2,20.1,15.5,77,-999,0,-999,-999
897.4,19.9,15.3,77,-999,0,-999,-999
897.4,20,15.4,77,-999,0,-999,-999
896.3,19.9,15.5,78,-999,0,-999,-999
896,19.9,15.3,77,-999,0,-999,-999
895.4,19.8,15.2,77,-999,0,-999,-999
895.1,19.8,15.4,78,-999,0,-999,-999
894.4,19.8,15.4,78,-999,0,-999,-999
894,19.7,15.3,78,-999,0,-999,-999
894.1,19.7,15.3,78,-999,0,-999,-999
892.2,19.5,15.3,79,-999,0,-999,-999
891.9,19.5,15.3,79,-999,0,-999,-999
891.7,19.5,15.3,79,-999,0,-999,-999
890.6,19.4,15.2,79,-999,0,-999,-999
890.1,19.4,15.4,80,-999,0,-999,-999
888.9,19.2,15.2,80,-999,0,-999,-999
888.5,19.2,15.2,80,-999,0,-999,-999
888.3,19.3,15.3,80,-999,0,-999,-999
887.6,19.3,15.1,79,-999,0,-999,-999
887,19.2,15,79,-999,0,-999,-999
886.7,19.2,15,79,-999,0,-999,-999
886.8,19.3,15.1,79,-999,0,-999,-999
885.7,19.1,14.9,79,-999,0,-999,-999
884.4,19,14.8,79,-999,0,-999,-999
885.6,19.3,15.1,79,-999,0,-999,-999
883.6,19,14.8,79,-999,0,-999,-999
883.8,18.9,14.7,79,-999,0,-999,-999
882,18.9,14.7,79,-999,0,-999,-999
880.9,18.8,14.6,79,-999,0,-999,-999
880.2,18.7,14.7,80,-999,0,-999,-999
878.7,18.7,14.7,80,-999,0,-999,-999
878,18.6,14.6,80,-999,0,-999,-999
877.8,18.6,14.6,80,-999,0,-999,-999
877.4,18.6,14.6,80,-999,0,-999,-999
877.1,18.6,14.4,79,-999,0,-999,-999
876.7,18.5,14.3,79,-999,0,-999,-999
875.6,18.5,14.3,79,-999,0,-999,-999
875.2,18.5,14.3,79,-999,0,-999,-999
874.6,18.5,14.3,79,-999,0,-999,-999
874.2,18.4,14,78,-999,0,-999,-999
873.7,18.4,14,78,-999,0,-999,-999
873.4,18.4,14,78,-999,0,-999,-999
871.7,18.3,13.9,78,-999,0,-999,-999
871.2,18.2,13.8,78,-999,0,-999,-999
871,18.2,13.8,78,-999,0,-999,-999
870.7,18.2,14,79,-999,0,-999,-999
869.9,18.2,14,79,-999,0,-999,-999
866.1,18.1,13.9,79,-999,0,-999,-999
865.9,18,13.8,79,-999,0,-999,-999
865.5,18.1,13.9,79,-999,0,-999,-999
864.4,17.8,13.6,79,-999,0,-999,-999
864.3,17.9,13.7,79,-999,0,-999,-999
865.2,18.2,13.8,78,-999,0,-999,-999
864.1,18.2,13.8,78,-999,0,-999,-999
861.2,17.8,13.4,78,-999,0,-999,-999
860.7,17.7,13.3,78,-999,0,-999,-999
861.1,18,13.6,78,-999,0,-999,-999
858.9,17.6,13,77,-999,0,-999,-999
858.1,17.5,13.1,78,-999,0,-999,-999
857.1,17.4,13.2,79,-999,0,-999,-999
856.2,17.3,13.5,81,-999,0,-999,-999
856,17.3,13.7,82,-999,0,-999,-999
855.7,17.3,13.7,82,-999,0,-999,-999
854.8,17.2,13.6,82,-999,0,-999,-999
853.9,17.1,13.5,82,-999,0,-999,-999
853.5,17.1,13.7,83,-999,0,-999,-999
748.9,8.9,2.5,68,-999,0,-999,-999
748.8,8.9,2.5,68,-999,0,-999,-999
748.3,8.9,2.5,68,-999,0,-999,-999
747.1,8.7,2.7,70,-999,0,-999,-999
744.3,8.6,1.4,64,-999,0,-999,-999
743.9,8.6,1.4,64,-999,0,-999,-999
742.4,8.6,0,57,-999,0,-999,-999
742,8.7,-0.3,55,-999,0,-999,-999
741.1,8.7,-1.5,49,-999,0,-999,-999
740.6,8.7,-1.9,47,-999,0,-999,-999
740,8.7,-2.1,46,-999,0,-999,-999
739.8,8.6,-2,47,-999,0,-999,-999
738.3,8.5,-2.3,46,-999,0,-999,-999
736.3,8.3,-2.5,46,2940,2940,-999,-999
736,8.2,-2.4,47,2940,2940,-999,-999
736.1,8.2,-2.2,48,2940,2940,-999,-999
735.7,8.3,-2.5,46,-999,0,-999,-999
735.3,8.3,-2.9,44,-999,0,-999,-999
734.9,8.3,-3.1,43,2954,2954,-999,-999
734.4,8.2,-2.6,46,-999,0,-999,-999
734.1,8.1,-2.5,47,2967,2967,-999,-999
733.8,8.3,-4.1,38,-999,0,-999,-999
733.1,8.2,-4,39,2967,2967,-999,-999
732.7,8.2,-4.2,38,-999,0,-999,-999
732.2,8.2,-4.4,37,-999,0,-999,-999
731.9,8.3,-5.3,32,-999,0,-999,-999
731.6,8.3,-5.7,30,-999,0,-999,-999
731.7,8.3,-5.3,32,-999,0,-999,-999
730.2,8.1,-4.3,38,-999,0,-999,-999
729.8,8.2,-4.6,36,-999,0,-999,-999
729.3,8.1,-4.7,36,-999,0,-999,-999
729.1,8.1,-4.9,35,-999,0,-999,-999
728,8.1,-4.7,36,-999,0,-999,-999
727.8,8.1,-4.3,38,-999,0,-999,-999
726.9,8.3,-4.3,37,-999,0,-999,-999
726.1,8.4,-4.4,36,-999,0,-999,-999
726,8.5,-5.3,31,-999,0,-999,-999
725.2,8.5,-5.7,29,-999,0,-999,-999
724.1,8.4,-6,28,-999,0,-999,-999
723.7,8.4,-6,28,-999,0,-999,-999
722.7,8.4,-4.6,35,-999,0,-999,-999
722.4,8.4,-5.2,32,-999,0,-999,-999
721.5,8.3,-4.7,35,3116,3116,-999,-999
720.7,7.9,-0.3,59,-999,0,-999,-999
720.4,7.9,0.7,64,-999,0,-999,-999
719.7,7.9,2.3,72,-999,0,-999,-999
719.5,8,2,70,-999,0,-999,-999
718.9,8.1,1.3,66,-999,0,-999,-999
718.4,8.2,0.6,62,-999,0,-999,-999
718,8.2,-0.6,56,-999,0,-999,-999
718,8.3,-1.1,53,-999,0,-999,-999
717.7,8.3,-1.3,52,-999,0,-999,-999
717.2,8.3,-1.7,50,-999,0,-999,-999
716.5,8.3,-1.7,50,-999,0,-999,-999
716.2,8.2,-1.8,50,-999,0,-999,-999
715.7,8.2,-1.8,50,-999,0,-999,-999
715.6,8.2,-1.8,50,-999,0,-999,-999
715,8.1,-1.7,51,3184,3184,-999,-999
714.7,8.1,-1.5,52,-999,0,-999,-999
714.5,8.2,-2,49,3184,3184,-999,-999
714,8.1,-1.9,50,-999,0,-999,-999
713.8,8.1,-1.9,50,-999,0,-999,-999
713.5,8.1,-2.1,49,3198,3198,-999,-999
713,8,-2.2,49,-999,0,-999,-999
712.7,8,-2.2,49,-999,0,-999,-999
712.6,8,-2.2,49,3211,3211,-999,-999
712.3,7.9,-2.1,50,3211,3211,-999,-999
711.6,7.9,-1.7,52,-999,0,-999,-999
711.2,7.8,-1.6,53,-999,0,-999,-999
711.1,7.8,-1.4,54,-999,0,-999,-999
710.6,7.7,-1.5,54,-999,0,-999,-999
710.5,7.7,-1.1,56,-999,0,-999,-999
710.3,7.6,-1.2,56,-999,0,-999,-999
710,7.6,-0.8,58,3238,3238,-999,-999
709.7,7.6,-1,57,-999,0,-999,-999
709.7,7.6,-1.2,56,-999,0,-999,-999
709.3,7.5,-1.1,57,-999,0,-999,-999
709,7.5,-0.9,58,-999,0,-999,-999
709,7.5,-0.9,58,3252,3252,-999,-999
708.6,7.4,-1,58,3252,3252,-999,-999
708.5,7.5,-0.7,59,3266,3266,-999,-999
708.3,7.5,-0.5,60,-999,0,-999,-999
707.9,7.5,-0.3,61,3266,3266,-999,-999
707.7,7.4,-0.4,61,-999,0,-999,-999
707.5,7.5,-0.7,59,3266,3266,-999,-999
707.4,7.5,-0.7,59,3266,3266,-999,-999
707.2,7.5,-0.9,58,-999,0,-999,-999
706.9,7.6,-1.2,56,3279,3279,-999,-999
706.7,7.6,-1.8,53,3279,3279,-999,-999
706.5,7.6,-1.8,53,-999,0,-999,-999
706.1,7.6,-1.8,53,-999,0,-999,-999
705.8,7.6,-2,52,-999,0,-999,-999
705.4,7.6,-2,52,-999,0,-999,-999
705.1,7.7,-2.1,51,-999,0,-999,-999
704.2,7.7,-2.7,48,-999,0,-999,-999
704.3,7.7,-2.9,47,-999,0,-999,-999
704.1,7.7,-3.3,45,3306,3306,-999,-999
703.7,7.7,-3.3,45,-999,0,-999,-999
703.5,7.7,-3.3,45,3320,3320,-999,-999
703,7.6,-3.4,45,-999,0,-999,-999
702.3,7.5,-3.5,45,-999,0,-999,-999
702.1,7.5,-3.5,45,3333,3333,-999,-999
702,7.5,-3.5,45,-999,0,-999,-999
701.7,7.5,-3.5,45,-999,0,-999,-999
701.5,7.5,-3.5,45,3347,3347,-999,-999
701.3,7.4,-3.6,45,-999,0,-999,-999
701.1,7.4,-3.6,45,-999,0,-999,-999
700.9,7.4,-3.6,45,-999,0,-999,-999
700.7,7.4,-3.6,45,-999,0,-999,-999
700.4,7.4,-3.8,44,-999,0,-999,-999
700,7.4,-3.8,44,-999,0,-999,-999
699.1,7.2,-4,44,-999,0,-999,-999
698.9,7.3,-3.9,44,3374,3374,-999,-999
698.7,7.2,-4,44,3374,3374,-999,-999
698.4,7.2,-4,44,-999,0,-999,-999
698.3,7.3,-3.3,47,3374,3374,-999,-999
698.2,7.2,-3.4,47,3374,3374,-999,-999
697.1,7.2,-2.8,50,3387,3387,-999,-999
697.2,7.2,-2.4,52,-999,0,-999,-999
696.8,7.2,-2.4,52,-999,0,-999,-999
696.5,7.1,-2.3,53,-999,0,-999,-999
696.3,7.1,-2.3,53,-999,0,-999,-999
696.1,7.1,-2.3,53,-999,0,-999,-999
695.9,7.1,-2.1,54,-999,0,-999,-999
695.5,7,-2.2,54,-999,0,-999,-999
695.1,7,-2.2,54,-999,0,-999,-999
695.1,7,-2.2,54,3415,3415,-999,-999
694.9,7,-2.2,54,-999,0,-999,-999
694.6,7,-2.2,54,-999,0,-999,-999
694.5,6.9,-2.5,53,3428,3428,-999,-999
694,6.8,-2.4,54,-999,0,-999,-999
694.1,6.9,-2.3,54,-999,0,-999,-999
693.6,6.9,-2.3,54,-999,0,-999,-999
693.3,6.8,-2.6,53,3442,3442,-999,-999
693.2,6.8,-2.4,54,3442,3442,-999,-999
692.6,6.7,-2.5,54,3442,3442,-999,-999
692,6.7,-2.5,54,3455,3455,-999,-999
691.7,6.6,-2.4,55,3455,3455,-999,-999
691.5,6.6,-2.4,55,-999,0,-999,-999
691.1,6.5,-2.5,55,3469,3469,-999,-999
690.8,6.5,-2.5,55,-999,0,-999,-999
690.7,6.5,-2.5,55,3469,3469,-999,-999
690.4,6.5,-2.5,55,-999,0,-999,-999
690.1,6.5,-2.5,55,-999,0,-999,-999
689.8,6.4,-2.6,55,-999,0,-999,-999
689,6.3,-2.7,55,-999,0,-999,-999
688.8,6.3,-2.5,56,-999,0,-999,-999
688.5,6.3,-2.5,56,-999,0,-999,-999
688.3,6.2,-2.6,56,-999,0,-999,-999
688.1,6.2,-2.6,56,3509,3509,-999,-999
687.9,6.2,-2.6,56,-999,0,-999,-999
687,6.1,-2.7,56,3509,3509,-999,-999
686.8,6.1,-2.7,56,3509,3509,-999,-999
686.3,6,-2.6,57,-999,0,-999,-999
685.5,6,-2.8,56,-999,0,-999,-999
685.3,5.9,-2.9,56,-999,0,-999,-999
685,5.9,-2.9,56,-999,0,-999,-999
684.7,5.9,-2.9,56,-999,0,-999,-999
684.7,5.9,-2.9,56,3550,3550,-999,-999
684.2,5.9,-2.9,56,-999,0,-999,-999
683,5.7,-3.3,55,-999,0,-999,-999
682.8,5.7,-3.1,56,3564,3564,-999,-999
682.5,5.7,-3.1,56,-999,0,-999,-999
682.3,5.7,-3.1,56,-999,0,-999,-999
682.1,5.7,-3.1,56,3577,3577,-999,-999
681.9,5.6,-3.4,55,-999,0,-999,-999
681.6,5.6,-3.4,55,-999,0,-999,-999
681.4,5.6,-3.4,55,-999,0,-999,-999
681.1,5.6,-3.4,55,-999,0,-999,-999
681,5.6,-3.4,55,-999,0,-999,-999
680.8,5.5,-3.5,55,-999,0,-999,-999
680.5,5.5,-3.5,55,-999,0,-999,-999
680,5.5,-3.3,56,-999,0,-999,-999
679.6,5.4,-3.4,56,-999,0,-999,-999
678.6,5.3,-3.5,56,-999,0,-999,-999
678.3,5.3,-3.5,56,-999,0,-999,-999
678.2,5.3,-3.3,57,3618,3618,-999,-999
678,5.3,-3.3,57,-999,0,-999,-999
677.7,5.2,-3.4,57,3631,3631,-999,-999
677.4,5.2,-3.4,57,-999,0,-999,-999
677.3,5.1,-3.5,57,-999,0,-999,-999
675.9,5,-3.6,57,-999,0,-999,-999
675.3,5,-3.6,57,-999,0,-999,-999
675,4.9,-3.5,58,-999,0,-999,-999
674.7,4.8,-3.6,58,-999,0,-999,-999
674.3,4.8,-3.6,58,-999,0,-999,-999
674.1,4.8,-3.6,58,3672,3672,-999,-999
673.6,4.7,-3.7,58,-999,0,-999,-999
673.3,4.7,-3.7,58,-999,0,-999,-999
672.9,4.7,-3.7,58,-999,0,-999,-999
672.7,4.6,-3.6,59,-999,0,-999,-999
672.2,4.6,-3.6,59,-999,0,-999,-999
671.9,4.5,-3.7,59,-999,0,-999,-999
670.6,4.5,-3.7,59,-999,0,-999,-999
670,4.3,-3.7,60,-999,0,-999,-999
670,4.3,-3.7,60,-999,0,-999,-999
669.6,4.3,-3.7,60,-999,0,-999,-999
669.2,4.3,-3.9,59,3740,3740,-999,-999
668.7,4.3,-3.7,60,3740,3740,-999,-999
668.5,4.2,-4.2,58,-999,0,-999,-999
668.4,4.2,-4.2,58,-999,0,-999,-999
667.8,4.1,-4.1,59,-999,0,-999,-999
665.9,3.9,-4.3,59,3780,3780,-999,-999
665.4,3.9,-4.3,59,-999,0,-999,-999
665,3.9,-4.3,59,3780,3780,-999,-999
664.8,3.9,-4.3,59,-999,0,-999,-999
664.5,3.8,-4.2,60,-999,0,-999,-999
664.1,3.8,-4.2,60,-999,0,-999,-999
663.6,3.8,-4.4,59,-999,0,-999,-999
663.6,3.7,-4.5,59,3807,3807,-999,-999
663.3,3.7,-4.5,59,-999,0,-999,-999
662.8,3.7,-4.5,59,-999,0,-999,-999
662.6,3.6,-4.4,60,3821,3821,-999,-999
662.3,3.6,-4.4,60,3821,3821,-999,-999
661.5,3.6,-4.6,59,-999,0,-999,-999
661,3.5,-4.7,59,-999,0,-999,-999
660.4,3.5,-4.7,59,-999,0,-999,-999
660,3.4,-4.8,59,3835,3835,-999,-999
659.8,3.4,-4.8,59,-999,0,-999,-999
659.6,3.3,-4.7,60,-999,0,-999,-999
658.9,3.2,-4.8,60,-999,0,-999,-999
658.7,3.2,-4.8,60,3862,3862,-999,-999
657.8,3.1,-4.9,60,-999,0,-999,-999
657.6,3.1,-4.7,61,-999,0,-999,-999
657.4,3.1,-4.7,61,-999,0,-999,-999
657.2,3.1,-4.7,61,-999,0,-999,-999
656.9,3.1,-4.7,61,-999,0,-999,-999
656.6,3,-4.8,61,-999,0,-999,-999
656.5,3,-4.8,61,3889,3889,-999,-999
656.2,3,-4.8,61,-999,0,-999,-999
656,2.9,-4.9,61,3889,3889,-999,-999
655.5,2.9,-4.9,61,-999,0,-999,-999
655.3,2.9,-4.9,61,-999,0,-999,-999
655,2.8,-4.8,62,-999,0,-999,-999
654.6,2.8,-4.8,62,-999,0,-999,-999
654.3,2.8,-5,61,-999,0,-999,-999
654.2,2.8,-4.8,62,-999,0,-999,-999
653.9,2.7,-4.9,62,-999,0,-999,-999
653.7,2.7,-4.9,62,3929,3929,-999,-999
653.2,2.6,-5,62,-999,0,-999,-999
652.9,2.6,-5,62,3929,3929,-999,-999
652.6,2.6,-5,62,-999,0,-999,-999
652.2,2.5,-5.1,62,-999,0,-999,-999
651.7,2.5,-5.1,62,-999,0,-999,-999
651.4,2.4,-5.2,62,-999,0,-999,-999
651.2,2.4,-5.2,62,-999,0,-999,-999
651,2.4,-5.2,62,-999,0,-999,-999
650.7,2.4,-5.2,62,-999,0,-999,-999
650.4,2.3,-5.3,62,-999,0,-999,-999
650.2,2.3,-5.3,62,3970,3970,-999,-999
649.9,2.3,-5.5,61,-999,0,-999,-999
649.3,2.3,-5.7,60,-999,0,-999,-999
649,2.3,-5.9,59,-999,0,-999,-999
648.8,2.2,-5.8,60,-999,0,-999,-999
648.5,2.2,-5.8,60,-999,0,-999,-999
648.2,2.2,-6,59,-999,0,-999,-999
647.9,2.1,-6.3,58,-999,0,-999,-999
647.7,2.2,-6.4,57,-999,0,-999,-999
647.5,2.2,-6.6,56,-999,0,-999,-999
647.4,2.2,-6.6,56,-999,0,-999,-999
646.1,2.1,-6.5,57,-999,0,-999,-999
645.5,2,-6.4,58,-999,0,-999,-999
645.1,2,-6.4,58,-999,0,-999,-999
644.7,1.9,-6.5,58,-999,0,-999,-999
644.5,1.9,-6.5,58,-999,0,-999,-999
643.3,1.7,-6.7,58,-999,0,-999,-999
643,1.7,-6.5,59,-999,0,-999,-999
642.6,1.7,-6.7,58,-999,0,-999,-999
642.4,1.6,-6.8,58,-999,0,-999,-999
642.1,1.6,-6.6,59,4065,4065,-999,-999
641.4,1.5,-6.7,59,4078,4078,-999,-999
641.1,1.5,-7.1,57,-999,0,-999,-999
640.9,1.5,-6.9,58,-999,0,-999,-999
640.7,1.4,-7,58,-999,0,-999,-999
640.2,1.3,-6.9,59,4092,4092,-999,-999
640.1,1.4,-6.8,59,-999,0,-999,-999
639.7,1.3,-6.9,59,4092,4092,-999,-999
639.6,1.3,-6.9,59,4106,4106,-999,-999
639.3,1.3,-6.9,59,-999,0,-999,-999
638.8,1.2,-7,59,-999,0,-999,-999
638.7,1.2,-7.2,58,4119,4119,-999,-999
638.4,1.2,-7.2,58,-999,0,-999,-999
637.9,1.1,-7.3,58,-999,0,-999,-999
637.3,1.1,-7.3,58,-999,0,-999,-999
630.1,0.3,-7.9,59,-999,0,-999,-999
628.2,0.1,-8.3,58,-999,0,-999,-999
628.1,0.1,-8.3,58,-999,0,-999,-999
627.9,0.1,-8.3,58,-999,0,-999,-999
622.5,-0.4,-9,57,-999,0,-999,-999
622.4,-0.4,-9,57,4322,4322,-999,-999
622.2,-0.4,-9.2,56,-999,0,-999,-999
621.7,-0.4,-9.4,55,-999,0,-999,-999
620.9,-0.5,-9.9,53,-999,0,-999,-999
620.2,-0.5,-10.1,52,-999,0,-999,-999
619.9,-0.5,-10.3,51,-999,0,-999,-999
619.4,-0.5,-10.3,51,-999,0,-999,-999
618.7,-0.3,-10.5,49,4377,4377,-999,-999
618.2,-0.6,-10.8,49,-999,0,-999,-999
617.8,-0.6,-11,48,-999,0,-999,-999
617.7,-0.5,-10.9,48,-999,0,-999,-999
617.3,-0.6,-11,48,-999,0,-999,-999
616.5,-0.6,-11.4,46,4390,4390,-999,-999
616.3,-0.6,-11.4,46,-999,0,-999,-999
616,-0.7,-11.5,46,-999,0,-999,-999
615.8,-0.7,-11.5,46,-999,0,-999,-999
615.6,-0.7,-11.7,45,-999,0,-999,-999
615.3,-0.7,-11.7,45,-999,0,-999,-999
614.5,-0.7,-11.9,44,-999,0,-999,-999
614.4,-0.7,-11.9,44,4431,4431,-999,-999
614.1,-0.7,-12.1,43,-999,0,-999,-999
613.8,-0.7,-12.5,41,-999,0,-999,-999
613.7,-0.7,-12.7,40,-999,0,-999,-999
613.1,-0.7,-12.9,39,-999,0,-999,-999
613,-0.6,-13.2,37,-999,0,-999,-999
612.7,-0.5,-13.5,35,4458,4458,-999,-999
612.6,-0.5,-13.7,34,4458,4458,-999,-999
612.3,-0.5,-13.9,33,-999,0,-999,-999
612,-0.5,-14.1,32,-999,0,-999,-999
611.8,-0.5,-14.3,31,-999,0,-999,-999
611.3,-0.5,-14.5,30,-999,0,-999,-999
611.1,-0.5,-14.5,30,-999,0,-999,-999
610.9,-0.4,-14.4,30,-999,0,-999,-999
610.6,-0.4,-14.4,30,-999,0,-999,-999
610.5,-0.4,-14.6,29,4485,4485,-999,-999
610.2,-0.4,-14.6,29,-999,0,-999,-999
610,-0.4,-14.6,29,4485,4485,-999,-999
609.7,-0.4,-14.8,28,-999,0,-999,-999
609.5,-0.3,-14.5,29,-999,0,-999,-999
609.2,-0.3,-14.5,29,-999,0,-999,-999
608.5,-0.3,-14.5,29,4499,4499,-999,-999
607.8,-0.4,-14.6,29,4512,4512,-999,-999
607.7,-0.4,-14.6,29,4526,4526,-999,-999
607.4,-0.4,-14.6,29,-999,0,-999,-999
607.2,-0.3,-14.5,29,-999,0,-999,-999
607,-0.4,-14.6,29,-999,0,-999,-999
606.3,-0.3,-14.5,29,-999,0,-999,-999
606.1,-0.2,-14,31,-999,0,-999,-999
605.9,-0.3,-14.1,31,-999,0,-999,-999
605.7,-0.3,-14.1,31,4539,4539,-999,-999
605.6,-0.3,-14.1,31,-999,0,-999,-999
605.3,-0.3,-13.9,32,-999,0,-999,-999
604.9,-0.3,-13.9,32,-999,0,-999,-999
604.6,-0.3,-13.9,32,-999,0,-999,-999
604.4,-0.4,-14,32,4566,4566,-999,-999
604,-0.4,-14.2,31,-999,0,-999,-999
603.5,-0.4,-14.2,31,-999,0,-999,-999
603.2,-0.4,-14.2,31,4580,4580,-999,-999
602.5,-0.4,-14.2,31,-999,0,-999,-999
602.3,-0.4,-14,32,-999,0,-999,-999
600.9,-0.5,-13.3,36,-999,0,-999,-999
600.5,-0.5,-13.3,36,4620,4620,-999,-999
599.3,-0.5,-13.1,37,-999,0,-999,-999
599.1,-0.6,-13.2,37,4634,4634,-999,-999
598.7,-0.6,-13,38,-999,0,-999,-999
598.3,-0.7,-13.1,38,4648,4648,-999,-999
597.8,-0.7,-13.1,38,-999,0,-999,-999
597.6,-0.7,-13.1,38,-999,0,-999,-999
597.4,-0.7,-13.3,37,4661,4661,-999,-999
597.1,-0.7,-13.3,37,4661,4661,-999,-999
596.9,-0.8,-13.2,38,-999,0,-999,-999
596.6,-0.8,-13.2,38,-999,0,-999,-999
596.4,-0.8,-13,39,-999,0,-999,-999
596.3,-0.8,-12.6,41,-999,0,-999,-999
595.8,-0.8,-12.6,41,-999,0,-999,-999
595.5,-0.9,-12.1,44,4688,4688,-999,-999
595.2,-0.9,-12.1,44,4688,4688,-999,-999
594.7,-0.9,-12.1,44,4688,4688,-999,-999
594.5,-0.9,-12.1,44,4688,4688,-999,-999
588,-1.4,-12.6,44,-999,0,-999,-999
586.3,-1.5,-12.7,44,-999,0,-999,-999
586.1,-1.5,-12.7,44,4810,4810,-999,-999
585.9,-1.5,-12.7,44,-999,0,-999,-999
585,-1.6,-12.8,44,-999,0,-999,-999
584.8,-1.6,-12.8,44,-999,0,-999,-999
584.6,-1.7,-12.7,45,-999,0,-999,-999
583.7,-1.7,-12.7,45,4851,4851,-999,-999
583,-1.8,-13,44,-999,0,-999,-999
582.4,-1.8,-12.8,45,-999,0,-999,-999
581.9,-1.8,-12.8,45,-999,0,-999,-999
581.4,-1.9,-12.9,45,-999,0,-999,-999
580.9,-2,-13,45,-999,0,-999,-999
580.4,-2,-13,45,-999,0,-999,-999
580.3,-2,-12.8,46,-999,0,-999,-999
579.4,-2.1,-12.9,46,-999,0,-999,-999
579.1,-2.1,-12.9,46,-999,0,-999,-999
578.5,-2.2,-13,46,-999,0,-999,-999
577.9,-2.2,-13.4,44,-999,0,-999,-999
577.1,-2.3,-13.5,44,-999,0,-999,-999
576.6,-2.3,-13.3,45,-999,0,-999,-999
575.9,-2.4,-13.2,46,-999,0,-999,-999
573.9,-2.6,-13.2,47,-999,0,-999,-999
573.5,-2.7,-13.3,47,-999,0,-999,-999
573.3,-2.7,-13.1,48,-999,0,-999,-999
573.2,-2.8,-13.2,48,-999,0,-999,-999
572.8,-2.8,-13.2,48,-999,0,-999,-999
571.4,-3,-13.4,48,-999,0,-999,-999
570.7,-3.1,-13.3,49,-999,0,-999,-999
570.4,-3.1,-13.3,49,-999,0,-999,-999
569.5,-3.2,-13.4,49,-999,0,-999,-999
568,-3.4,-13.4,50,-999,0,-999,-999
567.9,-3.4,-13.4,50,-999,0,-999,-999
567.6,-3.5,-13.5,50,-999,0,-999,-999
567.3,-3.5,-13.5,50,-999,0,-999,-999
566.4,-3.6,-13.6,50,-999,0,-999,-999
566.2,-3.7,-13.7,50,-999,0,-999,-999
565.8,-3.7,-13.7,50,-999,0,-999,-999
565.6,-3.7,-13.7,50,-999,0,-999,-999
565.3,-3.7,-13.7,50,-999,0,-999,-999
565.2,-3.8,-14,49,-999,0,-999,-999
564.9,-3.8,-14,49,-999,0,-999,-999
563.9,-3.9,-14.1,49,-999,0,-999,-999
563.1,-4.1,-14.1,50,-999,0,-999,-999
562.5,-4.1,-14.1,50,-999,0,-999,-999
561.7,-4.2,-14,51,-999,0,-999,-999
561,-4.3,-14.5,49,-999,0,-999,-999
560.1,-4.4,-14.4,50,-999,0,-999,-999
559.9,-4.4,-14.2,51,-999,0,-999,-999
559.4,-4.4,-14.2,51,-999,0,-999,-999
558.5,-4.5,-14.1,52,-999,0,-999,-999
557.9,-4.6,-14.2,52,-999,0,-999,-999
557.3,-4.6,-14.2,52,-999,0,-999,-999
557.1,-4.6,-14.2,52,-999,0,-999,-999
556.4,-4.7,-14.5,51,-999,0,-999,-999
556.1,-4.7,-14.5,51,-999,0,-999,-999
554.9,-4.8,-14.6,51,-999,0,-999,-999
554.6,-4.9,-14.7,51,-999,0,-999,-999
552.9,-5.1,-14.9,51,-999,0,-999,-999
552.6,-5.1,-14.9,51,-999,0,-999,-999
552.4,-5.1,-14.9,51,-999,0,-999,-999
552.3,-5.1,-14.9,51,-999,0,-999,-999
551.8,-5.2,-14.8,52,-999,0,-999,-999
551.1,-5.3,-14.9,52,-999,0,-999,-999
550.9,-5.3,-14.9,52,-999,0,-999,-999
550.5,-5.3,-14.9,52,-999,0,-999,-999
549.6,-5.4,-15,52,-999,0,-999,-999
548.2,-5.6,-15.2,52,-999,0,-999,-999
547.4,-5.6,-15.2,52,-999,0,-999,-999
547.2,-5.7,-15.3,52,-999,0,-999,-999
547,-5.7,-15.3,52,5366,5366,-999,-999
546.2,-5.8,-15.4,52,-999,0,-999,-999
545.7,-5.8,-15.2,53,-999,0,-999,-999
545.2,-5.9,-15.1,54,-999,0,-999,-999
543.9,-6.1,-15.3,54,-999,0,-999,-999
543.7,-6.1,-15.3,54,-999,0,-999,-999
543,-6.1,-15.3,54,-999,0,-999,-999
542.7,-6.1,-15.1,55,-999,0,-999,-999
542.6,-6.2,-15.2,55,-999,0,-999,-999
542,-6.2,-15.2,55,-999,0,-999,-999
541.3,-6.3,-15.3,55,-999,0,-999,-999
541.1,-6.4,-15.4,55,-999,0,-999,-999
540.8,-6.4,-15.4,55,-999,0,-999,-999
539.8,-6.6,-15.6,55,-999,0,-999,-999
539.3,-6.6,-15.6,55,-999,0,-999,-999
539.1,-6.6,-15.8,54,-999,0,-999,-999
538.9,-6.6,-15.8,54,-999,0,-999,-999
538.2,-6.7,-15.9,54,-999,0,-999,-999
537.7,-6.7,-15.9,54,-999,0,-999,-999
537.6,-6.8,-16,54,-999,0,-999,-999
537.4,-6.8,-16,54,-999,0,-999,-999
537,-6.8,-15.8,55,-999,0,-999,-999
536.4,-6.9,-15.9,55,-999,0,-999,-999
535.9,-7,-16,55,-999,0,-999,-999
535.1,-7.1,-16.5,53,-999,0,-999,-999
534,-7.2,-16.8,52,-999,0,-999,-999
533.7,-7.2,-17,51,-999,0,-999,-999
532.2,-7.3,-18.1,46,-999,0,-999,-999
531.9,-7.3,-18.3,45,-999,0,-999,-999
531.3,-7.3,-18.1,46,-999,0,-999,-999
529.4,-7.4,-18,47,-999,0,-999,-999
529.2,-7.4,-18.2,46,-999,0,-999,-999
528.8,-7.4,-18.2,46,-999,0,-999,-999
528.2,-7.4,-17.6,49,-999,0,-999,-999
527.8,-7.4,-17.6,49,-999,0,-999,-999
527.4,-7.5,-17.7,49,-999,0,-999,-999
527.3,-7.4,-17.6,49,-999,0,-999,-999
527.1,-7.5,-17.9,48,-999,0,-999,-999
526.6,-7.4,-18.2,46,-999,0,-999,-999
526.4,-7.5,-18.3,46,-999,0,-999,-999
526.3,-7.5,-18.3,46,-999,0,-999,-999
526.1,-7.5,-18.3,46,-999,0,-999,-999
525.9,-7.5,-18.1,47,-999,0,-999,-999
525.7,-7.5,-18.1,47,5691,5691,-999,-999
525.5,-7.5,-18.1,47,-999,0,-999,-999
525.3,-7.6,-18.4,46,-999,0,-999,-999
524.9,-7.6,-18.4,46,-999,0,-999,-999
524.8,-7.6,-18.2,47,5704,5704,-999,-999
524.4,-7.7,-18.5,46,-999,0,-999,-999
524.2,-7.7,-18.5,46,-999,0,-999,-999
523.8,-7.7,-18.7,45,5718,5718,-999,-999
523.6,-7.7,-18.9,44,-999,0,-999,-999
523,-7.7,-19.3,42,-999,0,-999,-999
522.8,-7.7,-19.3,42,5732,5732,-999,-999
522.7,-7.8,-19.4,42,5732,5732,-999,-999
522.4,-7.8,-19.4,42,-999,0,-999,-999
521.9,-7.8,-19.4,42,-999,0,-999,-999
521.4,-7.9,-19.7,41,-999,0,-999,-999
521.2,-7.9,-19.7,41,5759,5759,-999,-999
520.9,-7.9,-19.7,41,5759,5759,-999,-999
520.8,-8,-19.6,42,-999,0,-999,-999
520.5,-8,-19.8,41,-999,0,-999,-999
520.4,-8,-19.8,41,-999,0,-999,-999
520,-8,-19.6,42,5772,5772,-999,-999
519.6,-8.1,-19.5,43,-999,0,-999,-999
519.4,-8.1,-19.7,42,-999,0,-999,-999
519.2,-8.1,-19.7,42,-999,0,-999,-999
519,-8.1,-19.7,42,5786,5786,-999,-999
518.9,-8.2,-19.6,43,5786,5786,-999,-999
518.6,-8.2,-19.6,43,-999,0,-999,-999
518.4,-8.2,-19.6,43,5799,5799,-999,-999
518.1,-8.2,-19.6,43,-999,0,-999,-999
517.9,-8.3,-19.5,44,-999,0,-999,-999
517.7,-8.3,-19.5,44,5813,5813,-999,-999
517.5,-8.2,-19.4,44,-999,0,-999,-999
517.3,-8.3,-19.5,44,-999,0,-999,-999
517.2,-8.3,-19.3,45,-999,0,-999,-999
517,-8.3,-19.3,45,5826,5826,-999,-999
516.7,-8.3,-19.1,46,-999,0,-999,-999
516.6,-8.3,-19.1,46,-999,0,-999,-999
516.4,-8.4,-19.4,45,-999,0,-999,-999
515.2,-8.4,-19.8,43,-999,0,-999,-999
514.8,-8.5,-19.9,43,-999,0,-999,-999
513.6,-8.5,-19.9,43,-999,0,-999,-999
513.4,-8.6,-20,43,-999,0,-999,-999
513.2,-8.6,-20,43,-999,0,-999,-999
513,-8.6,-20,43,5881,5881,-999,-999
512.2,-8.7,-20.3,42,-999,0,-999,-999
512,-8.7,-20.3,42,-999,0,-999,-999
511.8,-8.7,-20.3,42,-999,0,-999,-999
511.6,-8.7,-20.3,42,-999,0,-999,-999
511.5,-8.7,-20.1,43,5908,5908,-999,-999
511.1,-8.8,-20.4,42,-999,0,-999,-999
510.6,-8.8,-20.2,43,5921,5921,-999,-999
510.4,-8.8,-20.2,43,-999,0,-999,-999
509.9,-8.9,-20.3,43,-999,0,-999,-999
509.4,-8.9,-20.3,43,-999,0,-999,-999
509.2,-8.9,-20.3,43,-999,0,-999,-999
508.8,-9,-20.4,43,-999,0,-999,-999
508.6,-9,-20.4,43,5948,5948,-999,-999
508.4,-9,-20.4,43,5948,5948,-999,-999
508.2,-9.1,-20.5,43,-999,0,-999,-999
508,-9.1,-20.3,44,5962,5962,-999,-999
507.3,-9.2,-20.4,44,5962,5962,-999,-999
507.2,-9.2,-20.4,44,-999,0,-999,-999
507.1,-9.2,-20.4,44,-999,0,-999,-999
506.7,-9.3,-20.5,44,-999,0,-999,-999
506.5,-9.3,-20.5,44,-999,0,-999,-999
505.9,-9.3,-20.5,44,5989,5989,-999,-999
505.8,-9.3,-20.7,43,-999,0,-999,-999
505.6,-9.3,-20.7,43,-999,0,-999,-999
505.4,-9.3,-20.7,43,-999,0,-999,-999
505.2,-9.3,-20.7,43,-999,0,-999,-999
504.6,-9.3,-20.9,42,6016,6016,-999,-999
504,-9.3,-20.9,42,-999,0,-999,-999
503.8,-9.3,-21.1,41,-999,0,-999,-999
503.3,-9.3,-21.3,40,-999,0,-999,-999
503.1,-9.3,-21.3,40,-999,0,-999,-999
502.9,-9.4,-21.4,40,-999,0,-999,-999
502.7,-9.3,-21.3,40,-999,0,-999,-999
502.6,-9.4,-21.4,40,-999,0,-999,-999
502.1,-9.4,-21.4,40,-999,0,-999,-999
501.7,-9.4,-21.6,39,-999,0,-999,-999
501.5,-9.4,-21.6,39,-999,0,-999,-999
501.3,-9.4,-21.6,39,-999,0,-999,-999
501.1,-9.4,-21.6,39,-999,0,-999,-999
500.8,-9.4,-21.8,38,-999,0,-999,-999
500.5,-9.5,-21.9,38,6070,6070,-999,-999
500.3,-9.5,-21.9,38,-999,0,-999,-999
499.5,-9.6,-22,38,-999,0,-999,-999
499.2,-9.6,-22,38,-999,0,-999,-999
498.6,-9.7,-22.1,38,-999,0,-999,-999
498.1,-9.7,-22.1,38,-999,0,-999,-999
497.4,-9.8,-22.2,38,-999,0,-999,-999
497.3,-9.8,-22.2,38,-999,0,-999,-999
496.8,-9.9,-22.3,38,-999,0,-999,-999
496.6,-9.9,-22.3,38,-999,0,-999,-999
496.2,-9.9,-22.3,38,-999,0,-999,-999
495.6,-10,-22.4,38,-999,0,-999,-999
495.4,-10.1,-22.5,38,-999,0,-999,-999
494.7,-10.1,-22.5,38,-999,0,-999,-999
494.6,-10.2,-22.4,39,-999,0,-999,-999
494.2,-10.2,-22.4,39,-999,0,-999,-999
493.2,-10.3,-22.7,38,-999,0,-999,-999
492.9,-10.4,-22.8,38,-999,0,-999,-999
492.8,-10.4,-23,37,-999,0,-999,-999
492.5,-10.4,-23,37,-999,0,-999,-999
492,-10.4,-23,37,6206,6206,-999,-999
491.9,-10.5,-23.1,37,-999,0,-999,-999
491.5,-10.5,-23.1,37,-999,0,-999,-999
491.3,-10.5,-23.1,37,-999,0,-999,-999
491.1,-10.6,-23,38,-999,0,-999,-999
490.5,-10.6,-22.8,39,-999,0,-999,-999
490.2,-10.6,-22.8,39,-999,0,-999,-999
489.8,-10.7,-22.7,40,-999,0,-999,-999
489.7,-10.7,-22.7,40,-999,0,-999,-999
489.6,-10.8,-22.8,40,-999,0,-999,-999
489.1,-10.8,-22.8,40,-999,0,-999,-999
489,-10.8,-22.8,40,-999,0,-999,-999
488.6,-10.8,-22.6,41,-999,0,-999,-999
488.4,-10.8,-22.6,41,-999,0,-999,-999
488,-10.8,-23,39,-999,0,-999,-999
487.8,-10.9,-23.1,39,-999,0,-999,-999
487.4,-10.9,-23.3,38,-999,0,-999,-999
487.2,-10.9,-23.5,37,-999,0,-999,-999
487.1,-10.9,-23.5,37,6287,6287,-999,-999
486.4,-10.9,-23.5,37,-999,0,-999,-999
485.9,-11,-23.8,36,-999,0,-999,-999
484.9,-11,-24,35,6328,6328,-999,-999
484.4,-11.1,-24.3,34,-999,0,-999,-999
484.1,-11.1,-24.3,34,6328,6328,-999,-999
484,-11.1,-24.5,33,6341,6341,-999,-999
483.8,-11.1,-24.5,33,-999,0,-999,-999
483.6,-11.1,-24.5,33,-999,0,-999,-999
483.4,-11.1,-24.7,32,-999,0,-999,-999
483,-11.2,-25,31,-999,0,-999,-999
482.9,-11.1,-25.1,30,-999,0,-999,-999
482.5,-11.2,-25.2,30,-999,0,-999,-999
481.9,-11.2,-25.2,30,6368,6368,-999,-999
481.7,-11.3,-25.3,30,-999,0,-999,-999
481.5,-11.3,-25.3,30,-999,0,-999,-999
481.3,-11.3,-25.5,29,-999,0,-999,-999
480.9,-11.3,-25.5,29,6382,6382,-999,-999
480.3,-11.4,-25.6,29,-999,0,-999,-999
479.5,-11.5,-25.9,28,-999,0,-999,-999
479,-11.5,-25.9,28,-999,0,-999,-999
478.5,-11.6,-26,28,-999,0,-999,-999
478.3,-11.7,-26.1,28,-999,0,-999,-999
478,-11.7,-26.1,28,-999,0,-999,-999
477.7,-11.8,-26.2,28,6436,6436,-999,-999
477.3,-11.7,-26.5,26,-999,0,-999,-999
476.9,-11.8,-27,24,-999,0,-999,-999
476.3,-11.9,-27.1,24,6463,6463,-999,-999
476.2,-11.9,-27.1,24,-999,0,-999,-999
476,-11.9,-27.1,24,6463,6463,-999,-999
475.8,-12,-27.2,24,6477,6477,-999,-999
475.6,-12,-27.2,24,-999,0,-999,-999
475.4,-12,-27.2,24,-999,0,-999,-999
475.1,-12.1,-27.3,24,-999,0,-999,-999
475,-12,-27.2,24,-999,0,-999,-999
474.8,-12.1,-27.3,24,-999,0,-999,-999
474.6,-12.1,-27.3,24,6490,6490,-999,-999
474.1,-12.1,-27.3,24,-999,0,-999,-999
473.8,-12.2,-27.2,25,-999,0,-999,-999
473.4,-12.3,-27.1,26,6504,6504,-999,-999
473.3,-12.3,-27.1,26,6504,6504,-999,-999
472.6,-12.4,-27,27,-999,0,-999,-999
472.3,-12.4,-27,27,6531,6531,-999,-999
471.4,-12.6,-27.2,27,-999,0,-999,-999
471.3,-12.5,-27.1,27,-999,0,-999,-999
470.9,-12.6,-27.2,27,-999,0,-999,-999
470.2,-12.7,-27.3,27,6558,6558,-999,-999
469.9,-12.7,-27.3,27,-999,0,-999,-999
469.6,-12.8,-27.4,27,6572,6572,-999,-999
469.1,-12.9,-27.5,27,-999,0,-999,-999
468.9,-12.9,-27.5,27,-999,0,-999,-999
467.8,-13,-27.8,26,-999,0,-999,-999
467.7,-13,-27.8,26,-999,0,-999,-999
467.4,-13,-28,25,-999,0,-999,-999
467.1,-13,-28,25,-999,0,-999,-999
466.8,-13.1,-27.9,26,-999,0,-999,-999
466.2,-13.2,-28,26,-999,0,-999,-999
466.2,-13.1,-27.9,26,-999,0,-999,-999
466.1,-13.1,-27.9,26,-999,0,-999,-999
465.7,-13.2,-28,26,-999,0,-999,-999
465.3,-13.2,-27.8,27,-999,0,-999,-999
464.4,-13.3,-28.1,26,-999,0,-999,-999
464.2,-13.3,-28.3,25,6667,6667,-999,-999
463.8,-13.4,-28.2,26,-999,0,-999,-999
463.6,-13.4,-28.2,26,-999,0,-999,-999
463.5,-13.5,-28.3,26,-999,0,-999,-999
463.1,-13.4,-28.4,25,-999,0,-999,-999
462.9,-13.5,-28.5,25,-999,0,-999,-999
462.8,-13.5,-28.5,25,-999,0,-999,-999
462.5,-13.5,-28.7,24,6694,6694,-999,-999
462.4,-13.6,-28.8,24,-999,0,-999,-999
462.2,-13.6,-28.8,24,6694,6694,-999,-999
461.8,-13.7,-28.7,25,-999,0,-999,-999
461.6,-13.7,-28.7,25,-999,0,-999,-999
461.3,-13.7,-28.7,25,-999,0,-999,-999
461.1,-13.7,-28.9,24,6721,6721,-999,-999
460.7,-13.7,-28.9,24,-999,0,-999,-999
460.6,-13.7,-29.1,23,-999,0,-999,-999
460.3,-13.7,-29.1,23,-999,0,-999,-999
460.2,-13.7,-29.1,23,6734,6734,-999,-999
459.6,-13.8,-29.2,23,-999,0,-999,-999
459.4,-13.8,-29.4,22,-999,0,-999,-999
459.3,-13.8,-29.4,22,6748,6748,-999,-999
459.1,-13.9,-29.5,22,-999,0,-999,-999
458.8,-13.9,-29.5,22,6748,6748,-999,-999
458.5,-14,-29.6,22,-999,0,-999,-999
458.3,-13.9,-29.5,22,-999,0,-999,-999
458.2,-13.9,-29.7,21,6761,6761,-999,-999
458.1,-14,-29.8,21,-999,0,-999,-999
457.9,-14,-29.8,21,-999,0,-999,-999
457,-14.1,-30.1,20,-999,0,-999,-999
456.7,-14.2,-30,21,-999,0,-999,-999
456.5,-14.2,-30,21,-999,0,-999,-999
456.3,-14.2,-30,21,-999,0,-999,-999
456.1,-14.3,-30.1,21,6802,6802,-999,-999
455.6,-14.3,-30.1,21,6802,6802,-999,-999
455.4,-14.4,-30.2,21,-999,0,-999,-999
455.2,-14.4,-30.2,21,-999,0,-999,-999
454.5,-14.5,-30.3,21,-999,0,-999,-999
454.2,-14.6,-30.4,21,6829,6829,-999,-999
454.1,-14.6,-30.4,21,6829,6829,-999,-999
453.8,-14.6,-30.4,21,-999,0,-999,-999
453.6,-14.6,-30.4,21,-999,0,-999,-999
453.1,-14.7,-30.7,20,6843,6843,-999,-999
453,-14.7,-30.7,20,-999,0,-999,-999
452.6,-14.8,-30.8,20,6856,6856,-999,-999
452.4,-14.8,-30.8,20,-999,0,-999,-999
451.9,-14.8,-30.8,20,6870,6870,-999,-999
451.8,-14.9,-30.9,20,6870,6870,-999,-999
451.6,-15,-31,20,6870,6870,-999,-999
451.4,-15,-31,20,-999,0,-999,-999
451,-15,-31,20,-999,0,-999,-999
450.7,-15.1,-31.1,20,-999,0,-999,-999
450.5,-15.1,-31.1,20,-999,0,-999,-999
450.1,-15.2,-31.2,20,6897,6897,-999,-999
449.9,-15.2,-31.2,20,-999,0,-999,-999
449.3,-15.3,-31.3,20,6910,6910,-999,-999
449.2,-15.3,-31.3,20,6924,6924,-999,-999
449.1,-15.4,-31.4,20,-999,0,-999,-999
448.9,-15.4,-31.4,20,-999,0,-999,-999
448.6,-15.4,-31.4,20,-999,0,-999,-999
448.4,-15.4,-31.4,20,6924,6924,-999,-999
448.3,-15.4,-31.4,20,6938,6938,-999,-999
447.8,-15.6,-31.6,20,6938,6938,-999,-999
447.1,-15.6,-31.6,20,-999,0,-999,-999
446.8,-15.7,-31.7,20,-999,0,-999,-999
446.6,-15.7,-31.9,19,-999,0,-999,-999
446.4,-15.8,-32,19,-999,0,-999,-999
446.2,-15.8,-31.8,20,-999,0,-999,-999
445.6,-15.9,-31.9,20,6978,6978,-999,-999
445.3,-16,-32,20,-999,0,-999,-999
445.1,-15.9,-31.9,20,6992,6992,-999,-999
445,-16,-32,20,-999,0,-999,-999
444.8,-16,-32,20,6992,6992,-999,-999
444.6,-16,-32,20,-999,0,-999,-999
444.4,-16.1,-32.1,20,-999,0,-999,-999
444.2,-16.1,-32.1,20,-999,0,-999,-999
444,-16.1,-32.3,19,7005,7005,-999,-999
443.4,-16.2,-32.4,19,-999,0,-999,-999
443.1,-16.3,-32.5,19,-999,0,-999,-999
442.9,-16.3,-32.5,19,-999,0,-999,-999
442.5,-16.3,-32.5,19,-999,0,-999,-999
442.1,-16.4,-32.6,19,-999,0,-999,-999
441.9,-16.4,-32.6,19,-999,0,-999,-999
441.3,-16.5,-32.9,18,7059,7059,-999,-999
441,-16.6,-33,18,-999,0,-999,-999
440.9,-16.6,-33,18,-999,0,-999,-999
440.7,-16.6,-33,18,-999,0,-999,-999
440.2,-16.7,-33.1,18,7073,7073,-999,-999
439.9,-16.7,-33.1,18,-999,0,-999,-999
439.9,-16.7,-33.1,18,-999,0,-999,-999
439.6,-16.8,-33.2,18,-999,0,-999,-999
439.5,-16.7,-33.1,18,-999,0,-999,-999
439.2,-16.8,-33.4,17,7087,7087,-999,-999
438.9,-16.8,-33.4,17,7087,7087,-999,-999
438.6,-16.8,-33.6,16,-999,0,-999,-999
438.5,-16.8,-33.6,16,7100,7100,-999,-999
438.2,-16.8,-33.8,15,-999,0,-999,-999
438,-16.8,-33.8,15,-999,0,-999,-999
437.7,-16.9,-33.9,15,-999,0,-999,-999
437.6,-16.9,-33.9,15,7114,7114,-999,-999
437.2,-16.9,-33.9,15,-999,0,-999,-999
436.5,-17.1,-34.1,15,-999,0,-999,-999
436.2,-17.1,-34.1,15,-999,0,-999,-999
436.3,-17,-34,15,-999,0,-999,-999
435.5,-17.2,-34.2,15,-999,0,-999,-999
435.3,-17.2,-34.2,15,-999,0,-999,-999
435,-17.3,-34.3,15,-999,0,-999,-999
434.8,-17.3,-34.3,15,-999,0,-999,-999
433.9,-17.4,-34.4,15,-999,0,-999,-999
433.7,-17.4,-34.4,15,7181,7181,-999,-999
433.5,-17.4,-34.4,15,7195,7195,-999,-999
433.3,-17.5,-34.5,15,7195,7195,-999,-999
433.2,-17.5,-34.5,15,7195,7195,-999,-999
432.7,-17.5,-34.5,15,-999,0,-999,-999
432.5,-17.5,-34.5,15,7208,7208,-999,-999
431.7,-17.7,-34.7,15,-999,0,-999,-999
431.3,-17.7,-34.7,15,-999,0,-999,-999
431.1,-17.7,-34.7,15,-999,0,-999,-999
430.9,-17.7,-34.7,15,-999,0,-999,-999
430.1,-17.9,-34.9,15,-999,0,-999,-999
429.8,-18,-35,15,7249,7249,-999,-999
429.7,-18.1,-35.1,15,-999,0,-999,-999
429.5,-18.1,-35.1,15,-999,0,-999,-999
429.2,-18.1,-35.1,15,-999,0,-999,-999
429,-18.2,-35.2,15,7276,7276,-999,-999
428.8,-18.2,-35.2,15,-999,0,-999,-999
428.6,-18.1,-35.1,15,7276,7276,-999,-999
428.5,-18.2,-35.2,15,-999,0,-999,-999
428.1,-18.2,-35.4,14,-999,0,-999,-999
427.8,-18.3,-35.5,14,7290,7290,-999,-999
427,-18.4,-35.6,14,-999,0,-999,-999
426.8,-18.4,-35.6,14,-999,0,-999,-999
426.7,-18.4,-35.6,14,-999,0,-999,-999
426.6,-18.5,-35.7,14,-999,0,-999,-999
425.9,-18.6,-35.8,14,-999,0,-999,-999
425.8,-18.6,-35.8,14,-999,0,-999,-999
425.4,-18.6,-35.8,14,-999,0,-999,-999
425.2,-18.6,-35.8,14,7330,7330,-999,-999
424.6,-18.7,-35.9,14,-999,0,-999,-999
424.4,-18.7,-35.9,14,7344,7344,-999,-999
423.9,-18.7,-35.9,14,-999,0,-999,-999
423.7,-18.7,-35.9,14,-999,0,-999,-999
423.6,-18.8,-36.2,13,-999,0,-999,-999
423.4,-18.8,-36.2,13,7371,7371,-999,-999
423.3,-18.8,-36.2,13,-999,0,-999,-999
423.1,-18.8,-36.2,13,7371,7371,-999,-999
422.9,-18.8,-36.2,13,7385,7385,-999,-999
422.4,-18.9,-36.3,13,-999,0,-999,-999
422.3,-18.9,-36.3,13,-999,0,-999,-999
422,-18.9,-36.3,13,-999,0,-999,-999
421.8,-18.9,-36.5,12,-999,0,-999,-999
421.6,-18.9,-36.5,12,7398,7398,-999,-999
421.5,-18.9,-36.5,12,-999,0,-999,-999
421.1,-18.9,-36.7,11,-999,0,-999,-999
420.8,-19,-36.8,11,-999,0,-999,-999
420.6,-19,-36.8,11,-999,0,-999,-999
420.4,-19,-36.8,11,-999,0,-999,-999
420.2,-19,-36.8,11,-999,0,-999,-999
420,-19.1,-36.9,11,-999,0,-999,-999
419,-19.2,-37.2,10,7452,7452,-999,-999
418.8,-19.2,-37.2,10,-999,0,-999,-999
418.2,-19.3,-37.3,10,-999,0,-999,-999
417.9,-19.3,-37.5,9,-999,0,-999,-999
417.8,-19.4,-37.6,9,-999,0,-999,-999
417.6,-19.4,-37.6,9,-999,0,-999,-999
417.4,-19.4,-37.6,9,-999,0,-999,-999
417.3,-19.4,-37.6,9,7479,7479,-999,-999
417,-19.5,-37.7,9,7479,7479,-999,-999
416.8,-19.5,-37.9,8,-999,0,-999,-999
416.5,-19.5,-37.9,8,-999,0,-999,-999
416.3,-19.6,-38,8,-999,0,-999,-999
416.1,-19.6,-38,8,-999,0,-999,-999
415.5,-19.7,-38.1,8,-999,0,-999,-999
415.1,-19.8,-38.2,8,-999,0,-999,-999
415,-19.8,-38.2,8,-999,0,-999,-999
414.7,-19.8,-38.2,8,-999,0,-999,-999
414.4,-19.9,-38.3,8,-999,0,-999,-999
414.2,-19.9,-38.3,8,7534,7534,-999,-999
414.1,-20,-38.4,8,7534,7534,-999,-999
413.7,-20,-38.4,8,-999,0,-999,-999
413.5,-20.1,-38.5,8,-999,0,-999,-999
413.3,-20,-38.4,8,-999,0,-999,-999
413.1,-20.1,-38.5,8,-999,0,-999,-999
412.8,-20.2,-38.6,8,-999,0,-999,-999
412.4,-20.2,-38.6,8,-999,0,-999,-999
412.2,-20.3,-38.7,8,-999,0,-999,-999
411.9,-20.3,-38.7,8,-999,0,-999,-999
411.5,-20.4,-38.8,8,7588,7588,-999,-999
411.2,-20.4,-38.8,8,-999,0,-999,-999
411,-20.4,-39,7,-999,0,-999,-999
410.7,-20.4,-39,7,-999,0,-999,-999
410.5,-20.4,-39,7,-999,0,-999,-999
410.4,-20.5,-39.1,7,7601,7601,-999,-999
409.9,-20.6,-39.2,7,-999,0,-999,-999
409.7,-20.6,-39.2,7,-999,0,-999,-999
409.5,-20.6,-39.2,7,-999,0,-999,-999
409.4,-20.7,-39.3,7,-999,0,-999,-999
409,-20.7,-39.3,7,-999,0,-999,-999
408.7,-20.8,-39.4,7,-999,0,-999,-999
408.5,-20.8,-39.4,7,7642,7642,-999,-999
408.3,-20.8,-39.4,7,-999,0,-999,-999
408.1,-20.8,-39.4,7,7642,7642,-999,-999
408,-20.8,-39.4,7,7642,7642,-999,-999
407.7,-20.9,-39.5,7,7601,7601,-999,-999
407.6,-20.9,-39.5,7,-999,0,-999,-999
407,-21,-39.6,7,-999,0,-999,-999
406.9,-21,-39.6,7,7615,7615,-999,-999
406.7,-21,-39.6,7,-999,0,-999,-999
406.2,-21.1,-39.7,7,-999,0,-999,-999
406,-21.1,-39.7,7,-999,0,-999,-999
405.5,-21.2,-39.8,7,-999,0,-999,-999
405.2,-21.2,-40,6,-999,0,-999,-999
404.9,-21.3,-40.1,6,-999,0,-999,-999
404.7,-21.3,-40.1,6,-999,0,-999,-999
404.4,-21.4,-40.2,6,-999,0,-999,-999
404.2,-21.4,-40.2,6,-999,0,-999,-999
403.6,-21.5,-40.3,6,-999,0,-999,-999
403.5,-21.5,-40.3,6,7737,7737,-999,-999
403.3,-21.5,-40.3,6,-999,0,-999,-999
403.1,-21.5,-40.3,6,-999,0,-999,-999
403,-21.6,-40.4,6,-999,0,-999,-999
402.8,-21.6,-40.6,5,7750,7750,-999,-999
402.6,-21.6,-40.6,5,7750,7750,-999,-999
402.5,-21.6,-40.6,5,-999,0,-999,-999
402.4,-21.6,-40.6,5,-999,0,-999,-999
402.2,-21.7,-40.7,5,7750,7750,-999,-999
402.1,-21.7,-40.7,5,-999,0,-999,-999
401.9,-21.7,-40.7,5,-999,0,-999,-999
401.6,-21.7,-40.7,5,-999,0,-999,-999
401.5,-21.7,-40.7,5,-999,0,-999,-999
401.3,-21.7,-40.7,5,-999,0,-999,-999
401,-21.8,-40.8,5,-999,0,-999,-999
400.8,-21.8,-40.8,5,-999,0,-999,-999
400.7,-21.8,-40.8,5,-999,0,-999,-999
400.5,-21.8,-40.8,5,-999,0,-999,-999
399.3,-21.9,-40.9,5,-999,0,-999,-999
395.4,-22.5,-41.1,7,-999,0,-999,-999
392.4,-23.1,-41.5,8,-999,0,-999,-999
391.6,-23.2,-41.4,9,-999,0,-999,-999
389.4,-23.7,-41.9,9,-999,0,-999,-999
389.1,-23.7,-41.9,9,-999,0,-999,-999
389,-23.7,-41.7,10,-999,0,-999,-999
388.4,-23.9,-41.9,10,-999,0,-999,-999
385.6,-24.3,-42.1,11,-999,0,-999,-999
384.3,-24.5,-42.3,11,-999,0,-999,-999
384.2,-24.5,-42.3,11,-999,0,-999,-999
384,-24.5,-42.5,10,-999,0,-999,-999
383.7,-24.6,-42.6,10,-999,0,-999,-999
383.1,-24.7,-42.3,12,-999,0,-999,-999
382.8,-24.7,-42.3,12,-999,0,-999,-999
382.2,-24.8,-42.2,13,-999,0,-999,-999
381.6,-24.9,-42.3,13,-999,0,-999,-999
380.9,-25.1,-42.1,15,-999,0,-999,-999
380.5,-25.2,-42.4,14,-999,0,-999,-999
380.2,-25.2,-42.4,14,-999,0,-999,-999
377.6,-25.7,-42.5,16,-999,0,-999,-999
377.5,-25.7,-42.5,16,-999,0,-999,-999
376.9,-25.8,-42.6,16,-999,0,-999,-999
376.7,-25.8,-42.6,16,-999,0,-999,-999
376.5,-25.9,-42.7,16,-999,0,-999,-999
374.5,-26.2,-42.8,17,-999,0,-999,-999
373.9,-26.4,-43,17,-999,0,-999,-999
370.1,-27.1,-43.7,17,-999,0,-999,-999
369.6,-27.2,-43.8,17,-999,0,-999,-999
368.6,-27.4,-43.8,18,8401,8401,-999,-999
368.4,-27.4,-43.8,18,8401,8401,-999,-999
367.3,-27.6,-44,18,-999,0,-999,-999
367.1,-27.6,-44,18,-999,0,-999,-999
366.4,-27.8,-44.2,18,-999,0,-999,-999
365.7,-27.8,-44.2,18,-999,0,-999,-999
365.7,-27.9,-44.3,18,-999,0,-999,-999
365,-28,-44.2,19,-999,0,-999,-999
364.9,-28.1,-44.5,18,-999,0,-999,-999
364.2,-28.2,-44.6,18,-999,0,-999,-999
363.1,-28.4,-44.4,20,-999,0,-999,-999
362.8,-28.5,-44.5,20,-999,0,-999,-999
361,-28.8,-44.6,21,8550,8550,-999,-999
360.7,-28.8,-44.6,21,-999,0,-999,-999
358.3,-29.3,-45.1,21,-999,0,-999,-999
357.8,-29.4,-45.2,21,-999,0,-999,-999
357.2,-29.5,-45.3,21,-999,0,-999,-999
356.7,-29.6,-45.4,21,-999,0,-999,-999
356.3,-29.7,-45.5,21,-999,0,-999,-999
356.2,-29.7,-45.5,21,-999,0,-999,-999
355.4,-29.8,-45.6,21,-999,0,-999,-999
354.2,-30.1,-45.9,21,-999,0,-999,-999
353.2,-30.3,-46.1,21,-999,0,-999,-999
352.3,-30.3,-46.1,21,-999,0,-999,-999
351.3,-30.5,-46.3,21,-999,0,-999,-999
348.8,-30.7,-46.3,22,-999,0,-999,-999
350.1,-30.7,-45.9,24,-999,0,-999,-999
349.6,-31,-45.4,28,-999,0,-999,-999
349.4,-31.1,-45.5,28,-999,0,-999,-999
347.7,-31.4,-45.4,30,-999,0,-999,-999
347.1,-31.5,-45.1,32,-999,0,-999,-999
346.8,-31.6,-45,33,-999,0,-999,-999
346.7,-31.5,-44.7,34,-999,0,-999,-999
345.3,-31.9,-44.9,35,-999,0,-999,-999
345.1,-31.9,-44.9,35,-999,0,-999,-999
345,-31.9,-44.9,35,-999,0,-999,-999
344.8,-32,-45,35,-999,0,-999,-999
344.5,-32,-45,35,-999,0,-999,-999
343.8,-32,-45,35,8889,8889,-999,-999
343.2,-32.1,-45.1,35,-999,0,-999,-999
341.4,-32.2,-45,36,-999,0,-999,-999
342.7,-32.3,-45.3,35,-999,0,-999,-999
342.5,-32.4,-45.4,35,-999,0,-999,-999
342.4,-32.4,-45.4,35,-999,0,-999,-999
340.7,-32.5,-45.7,34,-999,0,-999,-999
340.5,-32.6,-45.6,35,-999,0,-999,-999
342.8,-32.6,-45.6,35,-999,0,-999,-999
341.2,-32.7,-44.3,42,-999,0,-999,-999
340.5,-32.6,-44,43,-999,0,-999,-999
340.8,-32.6,-43.6,45,-999,0,-999,-999
339.7,-32.6,-43.4,46,-999,0,-999,-999
339.5,-32.6,-43.2,47,-999,0,-999,-999
339.4,-32.6,-43.2,47,-999,0,-999,-999
338.7,-32.5,-43.1,47,-999,0,-999,-999
338.6,-32.6,-43.2,47,-999,0,-999,-999
338.6,-32.6,-43.2,47,-999,0,-999,-999
338.1,-32.6,-43.2,47,-999,0,-999,-999
337.8,-32.6,-43.4,46,-999,0,-999,-999
337.4,-32.7,-43.5,46,-999,0,-999,-999
337.1,-32.7,-43.5,46,-999,0,-999,-999
336.4,-32.7,-43.3,47,-999,0,-999,-999
336.1,-32.7,-43.3,47,-999,0,-999,-999
334.6,-32.9,-43.5,47,-999,0,-999,-999
333.8,-33.1,-43.7,47,-999,0,-999,-999
333.7,-33.1,-43.7,47,-999,0,-999,-999
333.6,-33.1,-43.9,46,-999,0,-999,-999
333.4,-33.1,-43.9,46,-999,0,-999,-999
333.1,-33.2,-44,46,-999,0,-999,-999
333.3,-33.3,-44.1,46,-999,0,-999,-999
333,-33.2,-44,46,-999,0,-999,-999
333,-33.3,-44.1,46,9133,9133,-999,-999
331.7,-33.4,-44,47,-999,0,-999,-999
332.4,-33.5,-44.1,47,-999,0,-999,-999
331,-33.5,-44.1,47,-999,0,-999,-999
330.9,-33.6,-44.2,47,-999,0,-999,-999
330.7,-33.5,-44.1,47,-999,0,-999,-999
330.3,-33.6,-44.2,47,-999,0,-999,-999
330,-33.7,-44.3,47,-999,0,-999,-999
329.8,-33.6,-44.2,47,-999,0,-999,-999
328.6,-33.5,-44.1,47,-999,0,-999,-999
328.4,-33.5,-44.1,47,-999,0,-999,-999
327.8,-33.6,-44.2,47,-999,0,-999,-999
327.4,-33.7,-44.3,47,-999,0,-999,-999
327,-33.7,-44.3,47,9255,9255,-999,-999
326.2,-33.8,-44.6,46,-999,0,-999,-999
325.8,-33.9,-44.7,46,-999,0,-999,-999
325.2,-34,-44.8,46,-999,0,-999,-999
325.1,-34,-45,45,-999,0,-999,-999
324.8,-34.1,-45.1,45,-999,0,-999,-999
323.9,-34.2,-45.2,45,-999,0,-999,-999
323.2,-34.4,-45.6,44,-999,0,-999,-999
323,-34.4,-45.6,44,-999,0,-999,-999
322.4,-34.5,-45.7,44,-999,0,-999,-999
322.1,-34.5,-45.9,43,-999,0,-999,-999
321.7,-34.6,-46.2,42,-999,0,-999,-999
321.3,-34.6,-46,43,-999,0,-999,-999
321.1,-34.7,-46.3,42,-999,0,-999,-999
320.9,-34.7,-46.1,43,-999,0,-999,-999
320.7,-34.7,-46.3,42,9390,9390,-999,-999
320.5,-34.8,-46.4,42,-999,0,-999,-999
320.3,-34.9,-46.5,42,-999,0,-999,-999
320.2,-34.9,-46.3,43,-999,0,-999,-999
320,-34.9,-46.3,43,-999,0,-999,-999
319.8,-34.9,-46.3,43,-999,0,-999,-999
319.7,-35,-46.4,43,-999,0,-999,-999
319.4,-35,-46.4,43,-999,0,-999,-999
319.1,-35,-46.6,42,-999,0,-999,-999
318.8,-35.2,-46.8,42,-999,0,-999,-999
318.4,-35.2,-46.6,43,-999,0,-999,-999
317.4,-35.4,-46.6,44,9458,9458,-999,-999
317.2,-35.4,-46.6,44,-999,0,-999,-999
316.6,-35.5,-46.5,45,-999,0,-999,-999
316,-35.7,-46.7,45,-999,0,-999,-999
315.7,-35.7,-46.7,45,-999,0,-999,-999
315.1,-35.8,-46.8,45,-999,0,-999,-999
314.9,-35.8,-46.8,45,-999,0,-999,-999
314.7,-35.9,-46.9,45,-999,0,-999,-999
314.4,-36,-47,45,-999,0,-999,-999
314.6,-35.9,-46.9,45,-999,0,-999,-999
313.9,-36,-47,45,-999,0,-999,-999
312.2,-36.3,-47.5,44,-999,0,-999,-999
311.8,-36.4,-47.6,44,-999,0,-999,-999
311.7,-36.5,-47.7,44,-999,0,-999,-999
311.4,-36.5,-47.5,45,-999,0,-999,-999
311.2,-36.6,-47.6,45,-999,0,-999,-999
311.2,-36.6,-47.6,45,-999,0,-999,-999
310.8,-36.6,-47.6,45,-999,0,-999,-999
310.6,-36.7,-47.7,45,-999,0,-999,-999
310.4,-36.7,-47.7,45,-999,0,-999,-999
309.8,-36.8,-47.8,45,-999,0,-999,-999
309.3,-36.9,-47.9,45,-999,0,-999,-999
308.8,-37,-48,45,9647,9647,-999,-999
308.2,-37,-48,45,-999,0,-999,-999
307.8,-37.1,-48.1,45,-999,0,-999,-999
307.2,-37.2,-48.2,45,-999,0,-999,-999
306.9,-37.3,-48.3,45,-999,0,-999,-999
306.2,-37.4,-48.4,45,-999,0,-999,-999
305.5,-37.5,-48.5,45,-999,0,-999,-999
304.2,-37.8,-48.8,45,-999,0,-999,-999
303.8,-37.9,-48.7,46,-999,0,-999,-999
303.7,-37.9,-48.7,46,-999,0,-999,-999
303.6,-37.9,-48.7,46,-999,0,-999,-999
303.2,-38,-48.8,46,-999,0,-999,-999
301.3,-38.4,-49.2,46,-999,0,-999,-999
301.1,-38.4,-49.2,46,-999,0,-999,-999
300.7,-38.5,-49.3,46,-999,0,-999,-999
300.7,-38.5,-49.3,46,-999,0,-999,-999
300.1,-38.6,-49.6,45,-999,0,-999,-999
299.3,-38.7,-49.5,46,9864,9864,-999,-999
298.3,-39,-49.6,47,-999,0,-999,-999
297.9,-39,-49.6,47,-999,0,-999,-999
297.8,-39,-49.6,47,-999,0,-999,-999
297,-39.1,-49.9,46,-999,0,-999,-999
296.9,-39.1,-49.9,46,-999,0,-999,-999
295.9,-39.4,-50.2,46,-999,0,-999,-999
295.5,-39.4,-50.2,46,-999,0,-999,-999
295.4,-39.4,-50.2,46,-999,0,-999,-999
294.9,-39.4,-50.4,45,-999,0,-999,-999
294.6,-39.6,-50.6,45,-999,0,-999,-999
294.3,-39.6,-50.8,44,-999,0,-999,-999
294,-39.6,-50.8,44,-999,0,-999,-999
293.7,-39.7,-50.9,44,-999,0,-999,-999
293.2,-39.8,-50.8,45,-999,0,-999,-999
292.8,-39.9,-50.9,45,-999,0,-999,-999
292.4,-40,-51,45,-999,0,-999,-999
292.2,-40,-51,45,-999,0,-999,-999
291.9,-40.1,-51.1,45,-999,0,-999,-999
290.8,-40.3,-51.3,45,-999,0,-999,-999
289.4,-40.7,-51.5,46,-999,0,-999,-999
289.3,-40.7,-51.5,46,-999,0,-999,-999
288.4,-40.9,-51.9,45,-999,0,-999,-999
284.2,-41.9,-52.9,45,-999,0,-999,-999
283.4,-42.1,-53.1,45,-999,0,-999,-999
283.2,-42.2,-53.2,45,-999,0,-999,-999
282.9,-42.4,-53.4,45,-999,0,-999,-999
282.7,-42.2,-53.2,45,-999,0,-999,-999
282.3,-42.5,-53.5,45,-999,0,-999,-999
282.2,-43.5,-54.5,45,-999,0,-999,-999
281.6,-42.7,-53.7,45,10284,10284,-999,-999
281.2,-43.4,-54.4,45,-999,0,-999,-999
280.8,-42.4,-53.6,44,-999,0,-999,-999
280.4,-42.5,-53.7,44,-999,0,-999,-999
280.3,-42.6,-53.8,44,-999,0,-999,-999
279.5,-42.7,-53.9,44,-999,0,-999,-999
278.8,-42.9,-54.3,43,10352,10352,-999,-999
278.6,-42.9,-54.3,43,-999,0,-999,-999
278.2,-43,-54.6,42,-999,0,-999,-999
277.5,-43.2,-54.6,43,-999,0,-999,-999
276.6,-43.4,-55,42,-999,0,-999,-999
274,-43.8,-55.8,40,-999,0,-999,-999
272.5,-44,-56,40,-999,0,-999,-999
272.3,-44.2,-56.2,40,-999,0,-999,-999
271.8,-44.4,-56.4,40,-999,0,-999,-999
271.5,-44.3,-56.3,40,-999,0,-999,-999
271.4,-44.5,-56.5,40,-999,0,-999,-999
271.2,-44.5,-56.5,40,-999,0,-999,-999
268.6,-45.1,-56.9,41,-999,0,-999,-999
267.7,-45.3,-57.1,41,-999,0,-999,-999
267.3,-45.4,-57.2,41,-999,0,-999,-999
266.9,-45.4,-57.2,41,-999,0,-999,-999
266.8,-45.5,-57.3,41,-999,0,-999,-999
266.6,-45.5,-57.3,41,-999,0,-999,-999
265.7,-45.5,-57.3,41,-999,0,-999,-999
261.4,-46.4,-58.2,41,-999,0,-999,-999
250.6,-47.8,-60.6,36,-999,0,-999,-999
247.6,-48.2,-60.8,37,-999,0,-999,-999
247.2,-48.3,-60.9,37,-999,0,-999,-999
246.9,-48.4,-61,37,-999,0,-999,-999
246.7,-48.5,-61.1,37,-999,0,-999,-999
246,-48.6,-61.4,36,-999,0,-999,-999
245.8,-48.6,-61.4,36,-999,0,-999,-999
245.5,-48.6,-61.4,36,-999,0,-999,-999
245.3,-48.6,-61.4,36,-999,0,-999,-999
245.1,-48.8,-61.6,36,-999,0,-999,-999
244.9,-48.8,-61.6,36,-999,0,-999,-999
244.5,-48.9,-61.7,36,-999,0,-999,-999
241.5,-49.6,-62.6,35,-999,0,-999,-999
240.6,-49.5,-62.5,35,-999,0,-999,-999
240.6,-49.7,-62.7,35,-999,0,-999,-999
240.1,-49.7,-62.7,35,-999,0,-999,-999
239.8,-50,-63,35,11355,11355,-999,-999
236.4,-50.6,-63.6,35,-999,0,-999,-999
236.4,-50.6,-63.6,35,-999,0,-999,-999
236.2,-50.6,-63.6,35,-999,0,-999,-999
236.3,-50.5,-63.5,35,-999,0,-999,-999
234,-51,-64.4,33,-999,0,-999,-999
233.8,-51,-64.4,33,-999,0,-999,-999
233.6,-51,-64.4,33,-999,0,-999,-999
233.6,-50.9,-64.3,33,-999,0,-999,-999
231.5,-51.4,-65,32,-999,0,-999,-999
228.8,-52,-65.8,31,-999,0,-999,-999
228.1,-52.1,-65.9,31,-999,0,-999,-999
227.9,-52.2,-66,31,-999,0,-999,-999
227.8,-52.2,-66,31,-999,0,-999,-999
227.6,-52.2,-66,31,-999,0,-999,-999
227.1,-52.3,-66.1,31,-999,0,-999,-999
225.9,-52.4,-66.4,30,-999,0,-999,-999
225.7,-52.5,-66.5,30,-999,0,-999,-999
225.5,-52.5,-66.5,30,-999,0,-999,-999
223.2,-53,-67,30,-999,0,-999,-999
222.9,-53.1,-67.1,30,-999,0,-999,-999
222.3,-53.2,-67.4,29,-999,0,-999,-999
222,-53.3,-67.5,29,-999,0,-999,-999
221.5,-53.4,-67.6,29,-999,0,-999,-999
220.8,-53.6,-67.6,30,-999,0,-999,-999
220.6,-53.6,-67.6,30,-999,0,-999,-999
220.3,-53.7,-67.7,30,-999,0,-999,-999
218.4,-54.2,-68.2,30,-999,0,-999,-999
218.2,-54.2,-68.2,30,-999,0,-999,-999
217.3,-54.3,-68.3,30,-999,0,-999,-999
217,-54.5,-68.5,30,-999,0,-999,-999
216.7,-54.5,-68.5,30,-999,0,-999,-999
215.6,-54.8,-68.8,30,-999,0,-999,-999
215.2,-54.9,-68.9,30,-999,0,-999,-999
213.3,-55.3,-69.5,29,-999,0,-999,-999
212.2,-55.7,-69.9,29,-999,0,-999,-999
211.7,-55.8,-70,29,-999,0,-999,-999
211.6,-55.7,-69.9,29,-999,0,-999,-999
211.3,-55.8,-70,29,-999,0,-999,-999
211.2,-55.8,-70,29,-999,0,-999,-999
210.9,-55.9,-70.1,29,-999,0,-999,-999
210.4,-55.9,-70.1,29,-999,0,-999,-999
210.3,-55.9,-70.1,29,-999,0,-999,-999
209.9,-56,-70.2,29,-999,0,-999,-999
209.8,-56.1,-70.3,29,-999,0,-999,-999
209.3,-56.1,-70.3,29,-999,0,-999,-999
204.8,-56.8,-71.2,28,-999,0,-999,-999
204.6,-56.8,-71.2,28,-999,0,-999,-999
201.7,-57.5,-72.1,27,-999,0,-999,-999
201.5,-57.5,-72.1,27,-999,0,-999,-999
201.4,-57.5,-72.1,27,-999,0,-999,-999
201.3,-57.6,-72.4,26,-999,0,-999,-999
200.9,-57.6,-72.4,26,-999,0,-999,-999
200.8,-57.5,-72.3,26,-999,0,-999,-999
200.1,-57.6,-72.4,26,-999,0,-999,-999
199.8,-57.6,-72.4,26,-999,0,-999,-999
199.2,-57.2,-72,26,-999,0,-999,-999
199.5,-56.8,-71.8,25,-999,0,-999,-999
198.9,-56.1,-70.9,26,-999,0,-999,-999
198.3,-55.6,-70.4,26,-999,0,-999,-999
198.2,-55.5,-70.3,26,-999,0,-999,-999
194.5,-54.7,-69.9,24,-999,0,-999,-999
183.2,-54.6,-71.8,14,-999,0,-999,-999
176,-56.5,-74.5,10,-999,0,-999,-999
174,-56.9,-75.1,9,-999,0,-999,-999
173.9,-56.9,-75.1,9,-999,0,-999,-999
171.7,-57.1,-75.7,7,-999,0,-999,-999
171.4,-57.2,-76,6,-999,0,-999,-999
167.2,-58.4,-77.4,5,-999,0,-999,-999
164.3,-58.6,-78,3,-999,0,-999,-999
162.9,-58.3,-77.9,2,-999,0,-999,-999
162.1,-57.9,-77.5,2,-999,0,-999,-999
155.5,-57.5,-77.5,0,-999,0,-999,-999
139.5,-58.2,-78.2,0,-999,0,-999,-999
138.9,-58.3,-78.3,0,-999,0,-999,-999
139,-58,-78,0,-999,0,-999,-999
138.7,-58,-78,0,-999,0,-999,-999
138.6,-57.9,-77.9,0,-999,0,-999,-999
138.6,-57.7,-77.7,0,-999,0,-999,-999
137.9,-58.2,-78.2,0,-999,0,-999,-999
137.6,-58.3,-78.3,0,-999,0,-999,-999
137.6,-58.3,-78.3,0,-999,0,-999,-999
136.7,-58.5,-78.5,0,-999,0,-999,-999
136.4,-58.6,-78.6,0,-999,0,-999,-999
136.4,-58.6,-78.6,0,-999,0,-999,-999
134.8,-58.7,-78.7,0,-999,0,-999,-999
134.9,-58.6,-78.6,0,-999,0,-999,-999
134.8,-58.7,-78.7,0,-999,0,-999,-999
134.6,-58.7,-78.7,0,-999,0,-999,-999
134.4,-58.8,-78.8,0,-999,0,-999,-999
134,-58.9,-78.9,0,-999,0,-999,-999
133.7,-59,-79,0,-999,0,-999,-999
133.6,-59,-79,0,-999,0,-999,-999
132.4,-58.9,-78.9,0,-999,0,-999,-999
120.6,-61.5,-81.5,0,15691,15691,-999,-999
120.5,-61.4,-81.4,0,-999,0,-999,-999
120.5,-61.5,-81.5,0,15691,15691,-999,-999
120.3,-61.6,-81.6,0,15704,15704,-999,-999
120.1,-61.7,-81.7,0,15704,15704,-999,-999
120.1,-61.7,-81.7,0,15704,15704,-999,-999
120,-61.6,-81.6,0,15718,15718,-999,-999
120,-61.6,-81.6,0,15718,15718,-999,-999
119.9,-61.6,-81.6,0,15731,15731,-999,-999
119.8,-61.6,-81.6,0,-999,0,-999,-999
119.7,-61.7,-81.7,0,15731,15731,-999,-999
119.7,-61.6,-81.6,0,15745,15745,-999,-999
119.6,-61.6,-81.6,0,15745,15745,-999,-999
119.4,-61.7,-81.7,0,-999,0,-999,-999
119.3,-61.5,-81.5,0,15758,15758,-999,-999
119.1,-61.4,-81.4,0,-999,0,-999,-999
119,-61.1,-81.1,0,15772,15772,-999,-999
118.9,-61.2,-81.2,0,15786,15786,-999,-999
118.7,-61.3,-81.3,0,-999,0,-999,-999
118.7,-61.3,-81.3,0,15786,15786,-999,-999
118.5,-61.3,-81.3,0,15799,15799,-999,-999
118.4,-61.3,-81.3,0,15799,15799,-999,-999
118.2,-61.4,-81.4,0,-999,0,-999,-999
118.3,-61.3,-81.3,0,15813,15813,-999,-999
118,-61.4,-81.4,0,15826,15826,-999,-999
117.9,-61.3,-81.3,0,15840,15840,-999,-999
117.8,-61.4,-81.4,0,15840,15840,-999,-999
117.7,-61.4,-81.4,0,15840,15840,-999,-999
117.6,-61.4,-81.4,0,15853,15853,-999,-999
117.3,-61.7,-81.7,0,-999,0,-999,-999
117.2,-61.8,-81.8,0,15867,15867,-999,-999
117.3,-61.8,-81.8,0,-999,0,-999,-999
117,-61.8,-81.8,0,-999,0,-999,-999
116.9,-61.9,-81.9,0,-999,0,-999,-999
116.8,-61.9,-81.9,0,-999,0,-999,-999
116.5,-62.1,-82.1,0,15907,15907,-999,-999
116.5,-62,-82,0,15907,15907,-999,-999
116.3,-62.1,-82.1,0,-999,0,-999,-999
115.9,-62.2,-82.2,0,15935,15935,-999,-999
115.9,-62.3,-82.3,0,-999,0,-999,-999
115.9,-62.2,-82.2,0,15948,15948,-999,-999
115.7,-62.3,-82.3,0,15962,15962,-999,-999
115.5,-62.3,-82.3,0,-999,0,-999,-999
115.5,-62.3,-82.3,0,-999,0,-999,-999
115.1,-62.5,-82.5,0,-999,0,-999,-999
115,-62.6,-82.6,0,15989,15989,-999,-999
115,-62.7,-82.7,0,-999,0,-999,-999
114.9,-62.7,-82.7,0,16002,16002,-999,-999
114.8,-62.8,-82.8,0,-999,0,-999,-999
114.4,-62.9,-82.9,0,-999,0,-999,-999
114.2,-63.1,-83.1,0,-999,0,-999,-999
114.2,-63.1,-83.1,0,-999,0,-999,-999
113.9,-63.2,-83.2,0,16043,16043,-999,-999
113.8,-63.3,-83.3,0,-999,0,-999,-999
113.6,-63.3,-83.3,0,-999,0,-999,-999
113.4,-63.4,-83.4,0,16070,16070,-999,-999
113.3,-63.5,-83.5,0,-999,0,-999,-999
113.2,-63.6,-83.6,0,16084,16084,-999,-999
113.1,-63.6,-83.6,0,-999,0,-999,-999
112.8,-63.8,-83.8,0,-999,0,-999,-999
112.8,-63.8,-83.8,0,-999,0,-999,-999
112.7,-63.8,-83.8,0,-999,0,-999,-999
112.6,-63.9,-83.9,0,-999,0,-999,-999
112.6,-63.9,-83.9,0,-999,0,-999,-999
112.4,-63.9,-83.9,0,16124,16124,-999,-999
112.4,-63.9,-83.9,0,16124,16124,-999,-999
112.3,-64.1,-84.1,0,16124,16124,-999,-999
112.2,-64.1,-84.1,0,16138,16138,-999,-999
112.1,-64.1,-84.1,0,16138,16138,-999,-999
112,-64.2,-84.2,0,16151,16151,-999,-999
111.9,-64.2,-84.2,0,16151,16151,-999,-999
111.8,-64.3,-84.3,0,16165,16165,-999,-999
111.7,-64.2,-84.2,0,16165,16165,-999,-999
111.7,-64.3,-84.3,0,-999,0,-999,-999
111.5,-64.4,-84.4,0,16178,16178,-999,-999
111.4,-64.4,-84.4,0,16178,16178,-999,-999
111.3,-64.3,-84.3,0,16192,16192,-999,-999
111.2,-64.5,-84.5,0,-999,0,-999,-999
111.1,-64.5,-84.5,0,16192,16192,-999,-999
111.1,-64.6,-84.6,0,-999,0,-999,-999
111,-64.6,-84.6,0,-999,0,-999,-999
110.8,-64.7,-84.7,0,-999,0,-999,-999
110.8,-64.7,-84.7,0,-999,0,-999,-999
110.7,-64.7,-84.7,0,16219,16219,-999,-999
110.5,-64.8,-84.8,0,16233,16233,-999,-999
110.5,-64.9,-84.9,0,16233,16233,-999,-999
110.3,-64.9,-84.9,0,-999,0,-999,-999
110.3,-65,-85,0,-999,0,-999,-999
110.2,-65,-85,0,16260,16260,-999,-999
109.9,-65.1,-85.1,0,16273,16273,-999,-999
109.8,-65.1,-85.1,0,-999,0,-999,-999
109.7,-65,-85,0,16273,16273,-999,-999
109.8,-65.2,-85.2,0,16287,16287,-999,-999
109.3,-65.4,-85.4,0,-999,0,-999,-999
109.5,-65.3,-85.3,0,-999,0,-999,-999
109.3,-65.3,-85.3,0,16300,16300,-999,-999
109.2,-65.4,-85.4,0,16314,16314,-999,-999
109.1,-65.3,-85.3,0,16314,16314,-999,-999
109,-65.5,-85.5,0,16314,16314,-999,-999
108.9,-65.6,-85.6,0,16314,16314,-999,-999
108.8,-65.6,-85.6,0,16328,16328,-999,-999
108.7,-65.6,-85.6,0,16328,16328,-999,-999
108.5,-65.7,-85.7,0,16341,16341,-999,-999
108.5,-65.8,-85.8,0,16341,16341,-999,-999
108.3,-65.8,-85.8,0,16355,16355,-999,-999
108.3,-65.9,-85.9,0,16355,16355,-999,-999
108.1,-65.8,-85.8,0,16368,16368,-999,-999
108,-66,-86,0,16368,16368,-999,-999
107.8,-66.1,-86.1,0,16382,16382,-999,-999
107.7,-66.2,-86.2,0,16395,16395,-999,-999
107.5,-66.2,-86.2,0,-999,0,-999,-999
107.4,-66.2,-86.2,0,-999,0,-999,-999
107.2,-66.2,-86.2,0,-999,0,-999,-999
107.1,-66.3,-86.3,0,-999,0,-999,-999
107,-66.4,-86.4,0,-999,0,-999,-999
106.9,-66.4,-86.4,0,-999,0,-999,-999
106.8,-66.3,-86.3,0,-999,0,-999,-999
106.5,-66.2,-86.2,0,-999,0,-999,-999
106.4,-66.2,-86.2,0,-999,0,-999,-999
106.2,-66.1,-86.1,0,-999,0,-999,-999
106.1,-66.2,-86.2,0,-999,0,-999,-999
105.9,-66.3,-86.3,0,-999,0,-999,-999
105,-66.3,-86.3,0,-999,0,-999,-999
104.8,-66.3,-86.3,0,-999,0,-999,-999
104.7,-66.3,-86.3,0,-999,0,-999,-999
104.6,-66.4,-86.4,0,16571,16571,-999,-999
104.6,-66.4,-86.4,0,-999,0,-999,-999
104.4,-66.5,-86.5,0,-999,0,-999,-999
104.3,-66.5,-86.5,0,-999,0,-999,-999
104,-66.6,-86.6,0,-999,0,-999,-999
103.9,-66.7,-86.7,0,-999,0,-999,-999
103.7,-66.8,-86.8,0,-999,0,-999,-999
103.6,-66.8,-86.8,0,-999,0,-999,-999
103.2,-67,-87,0,-999,0,-999,-999
103.1,-67.1,-87.1,0,16666,16666,-999,-999
103,-67.1,-87.1,0,16666,16666,-999,-999
102.9,-67.1,-87.1,0,16680,16680,-999,-999
102.8,-67.2,-87.2,0,16680,16680,-999,-999
102.6,-67.3,-87.3,0,16693,16693,-999,-999
102.6,-67.4,-87.4,0,-999,0,-999,-999
102.6,-67.3,-87.3,0,16693,16693,-999,-999
102.5,-67.4,-87.4,0,-999,0,-999,-999
102.3,-67.4,-87.4,0,-999,0,-999,-999
102.2,-67.4,-87.4,0,16707,16707,-999,-999
102.1,-67.5,-87.5,0,16720,16720,-999,-999
102,-67.6,-87.6,0,16720,16720,-999,-999
101.9,-67.6,-87.6,0,-999,0,-999,-999
101.8,-67.7,-87.7,0,16734,16734,-999,-999
101.8,-67.7,-87.7,0,16734,16734,-999,-999
101.7,-67.7,-87.7,0,16748,16748,-999,-999
101.5,-67.7,-87.7,0,16748,16748,-999,-999
101.5,-67.7,-87.7,0,16761,16761,-999,-999
101.2,-67.8,-87.8,0,16775,16775,-999,-999
101.1,-68,-88,0,-999,0,-999,-999
101,-68,-88,0,16788,16788,-999,-999
100.9,-67.9,-87.9,0,-999,0,-999,-999
100.7,-68,-88,0,16788,16788,-999,-999
100.7,-68,-88,0,-999,0,-999,-999
100.4,-68,-88,0,-999,0,-999,-999
100.3,-68.2,-88.2,0,16815,16815,-999,-999
100.3,-68.1,-88.1,0,-999,0,-999,-999
100.1,-68.2,-88.2,0,16842,16842,-999,-999
99.9,-68.3,-88.3,0,-999,0,-999,-999
99.9,-68.2,-88.2,0,-999,0,-999,-999
99.8,-68.3,-88.3,0,16856,16856,-999,-999
99.7,-68.4,-88.4,0,16856,16856,-999,-999
99.6,-68.4,-88.4,0,16870,16870,-999,-999
99.6,-68.5,-88.5,0,16870,16870,-999,-999
99.5,-68.5,-88.5,0,16870,16870,-999,-999
99.3,-68.5,-88.5,0,16883,16883,-999,-999
99.1,-68.6,-88.6,0,-999,0,-999,-999
99,-68.7,-88.7,0,16897,16897,-999,-999
98.8,-68.6,-88.6,0,16910,16910,-999,-999
98.8,-68.6,-88.6,0,16910,16910,-999,-999
98.8,-68.7,-88.7,0,-999,0,-999,-999
98.7,-68.7,-88.7,0,16924,16924,-999,-999
98.6,-68.7,-88.7,0,16924,16924,-999,-999
98.6,-68.8,-88.8,0,16924,16924,-999,-999
98.4,-68.8,-88.8,0,-999,0,-999,-999
98.4,-68.7,-88.7,0,16937,16937,-999,-999
98.3,-68.7,-88.7,0,16951,16951,-999,-999
98.2,-68.7,-88.7,0,16951,16951,-999,-999
98.1,-68.7,-88.7,0,16964,16964,-999,-999
98,-68.7,-88.7,0,16964,16964,-999,-999
97.9,-68.8,-88.8,0,16964,16964,-999,-999
97.8,-68.8,-88.8,0,16978,16978,-999,-999
97.8,-68.8,-88.8,0,16978,16978,-999,-999
97.6,-68.9,-88.9,0,16978,16978,-999,-999
97.5,-68.9,-88.9,0,16991,16991,-999,-999
97.4,-69,-89,0,16991,16991,-999,-999
97.4,-69,-89,0,16991,16991,-999,-999
97.3,-69.1,-89.1,0,17005,17005,-999,-999
97.2,-69.1,-89.1,0,17019,17019,-999,-999
97.1,-69.2,-89.2,0,17019,17019,-999,-999
97.1,-69.2,-89.2,0,17019,17019,-999,-999
97,-69.1,-89.1,0,17032,17032,-999,-999
96.9,-69.2,-89.2,0,17032,17032,-999,-999
96.8,-69.3,-89.3,0,17032,17032,-999,-999
96.7,-69.3,-89.3,0,17046,17046,-999,-999
96.7,-69.3,-89.3,0,17046,17046,-999,-999
96.6,-69.3,-89.3,0,17059,17059,-999,-999
96.5,-69.4,-89.4,0,17059,17059,-999,-999
96.4,-69.4,-89.4,0,17059,17059,-999,-999
96.3,-69.4,-89.4,0,17073,17073,-999,-999
96.3,-69.5,-89.5,0,17073,17073,-999,-999
96.2,-69.4,-89.4,0,17073,17073,-999,-999
96.1,-69.5,-89.5,0,17073,17073,-999,-999
96.1,-69.5,-89.5,0,17086,17086,-999,-999
95.9,-69.6,-89.6,0,17086,17086,-999,-999
95.9,-69.5,-89.5,0,17086,17086,-999,-999
95.9,-69.6,-89.6,0,17100,17100,-999,-999
95.8,-69.7,-89.7,0,17100,17100,-999,-999
95.7,-69.7,-89.7,0,17113,17113,-999,-999
95.6,-69.7,-89.7,0,17113,17113,-999,-999
95.5,-69.7,-89.7,0,17113,17113,-999,-999
95.5,-69.8,-89.8,0,17113,17113,-999,-999
95.4,-69.9,-89.9,0,-999,0,-999,-999
95.4,-69.9,-89.9,0,17127,17127,-999,-999
95.1,-70,-90,0,17141,17141,-999,-999
95.1,-70.1,-90.1,0,17141,17141,-999,-999
95,-70.1,-90.1,0,17154,17154,-999,-999
94.9,-70.1,-90.1,0,17154,17154,-999,-999
94.8,-70.1,-90.1,0,17154,17154,-999,-999
94.8,-70.1,-90.1,0,17168,17168,-999,-999
94.7,-70.2,-90.2,0,17168,17168,-999,-999
94.6,-70.2,-90.2,0,17168,17168,-999,-999
94.5,-70.3,-90.3,0,17181,17181,-999,-999
94.5,-70.3,-90.3,0,17181,17181,-999,-999
94.4,-70.3,-90.3,0,17181,17181,-999,-999
94.4,-70.3,-90.3,0,17181,17181,-999,-999
94.1,-70.4,-90.4,0,17208,17208,-999,-999
94,-70.4,-90.4,0,17208,17208,-999,-999
94,-70.5,-90.5,0,17222,17222,-999,-999
93.9,-70.6,-90.6,0,-999,0,-999,-999
93.8,-70.6,-90.6,0,-999,0,-999,-999
93.7,-70.6,-90.6,0,17235,17235,-999,-999
93.6,-70.7,-90.7,0,17235,17235,-999,-999
93.6,-70.7,-90.7,0,-999,0,-999,-999
93.3,-70.8,-90.8,0,17249,17249,-999,-999
93.3,-70.8,-90.8,0,17262,17262,-999,-999
93.2,-70.9,-90.9,0,17262,17262,-999,-999
93.2,-70.9,-90.9,0,17262,17262,-999,-999
93.1,-71,-91,0,17262,17262,-999,-999
93,-71,-91,0,17276,17276,-999,-999
93,-71,-91,0,-999,0,-999,-999
92.9,-71,-91,0,17290,17290,-999,-999
92.8,-71.1,-91.1,0,17290,17290,-999,-999
92.7,-71.1,-91.1,0,17290,17290,-999,-999
92.6,-71.1,-91.1,0,17303,17303,-999,-999
92.5,-71.2,-91.2,0,17303,17303,-999,-999
92.8,-71.2,-91.2,0,17303,17303,-999,-999
92.5,-71.3,-91.3,0,17317,17317,-999,-999
92.4,-71.3,-91.3,0,17317,17317,-999,-999
92.3,-71.3,-91.3,0,17317,17317,-999,-999
92.3,-71.4,-91.4,0,17330,17330,-999,-999
92.2,-71.4,-91.4,0,17330,17330,-999,-999
92,-71.3,-91.3,0,-999,0,-999,-999
92,-71.5,-91.5,0,17344,17344,-999,-999
91.8,-71.5,-91.5,0,17344,17344,-999,-999
91.8,-71.6,-91.6,0,17357,17357,-999,-999
91.7,-71.5,-91.5,0,17357,17357,-999,-999
91.7,-71.5,-91.5,0,-999,0,-999,-999
91.5,-71.6,-91.6,0,17371,17371,-999,-999
91.4,-71.7,-91.7,0,17384,17384,-999,-999
91.3,-71.7,-91.7,0,17384,17384,-999,-999
91.3,-71.7,-91.7,0,17384,17384,-999,-999
91.2,-71.6,-91.6,0,17398,17398,-999,-999
91.1,-71.6,-91.6,0,17398,17398,-999,-999
91.1,-71.7,-91.7,0,17398,17398,-999,-999
90.9,-71.7,-91.7,0,-999,0,-999,-999
90.8,-71.8,-91.8,0,-999,0,-999,-999
90.8,-71.8,-91.8,0,-999,0,-999,-999
90.4,-72,-92,0,-999,0,-999,-999
90.3,-72,-92,0,-999,0,-999,-999
90.1,-72,-92,0,-999,0,-999,-999
90,-72,-92,0,-999,0,-999,-999
89.9,-72.1,-92.1,0,-999,0,-999,-999
89.9,-72.1,-92.1,0,-999,0,-999,-999
89.7,-72.1,-92.1,0,-999,0,-999,-999
89.4,-71.3,-91.3,0,-999,0,-999,-999
89.2,-71.1,-91.1,0,-999,0,-999,-999
89.1,-70.9,-90.9,0,-999,0,-999,-999
88.9,-70.8,-90.8,0,-999,0,-999,-999
88.9,-70.6,-90.6,0,-999,0,-999,-999
88.7,-70.5,-90.5,0,-999,0,-999,-999
88.6,-70.7,-90.7,0,-999,0,-999,-999
88.5,-70.8,-90.8,0,-999,0,-999,-999
88.3,-70.6,-90.6,0,-999,0,-999,-999
88.1,-70.6,-90.6,0,-999,0,-999,-999
88,-70.7,-90.7,0,-999,0,-999,-999
87.9,-70.6,-90.6,0,-999,0,-999,-999
87.9,-70.6,-90.6,0,-999,0,-999,-999
87.8,-70.5,-90.5,0,-999,0,-999,-999
87.6,-70.5,-90.5,0,-999,0,-999,-999
87.4,-70.6,-90.6,0,-999,0,-999,-999
87.5,-70.4,-90.4,0,17642,17642,-999,-999
87.3,-70.3,-90.3,0,17655,17655,-999,-999
87,-69.7,-89.7,0,17682,17682,-999,-999
86.8,-69.6,-89.6,0,-999,0,-999,-999
86.6,-69.4,-89.4,0,-999,0,-999,-999
86.5,-69.4,-89.4,0,-999,0,-999,-999
86.4,-69.6,-89.6,0,-999,0,-999,-999
86.4,-69.4,-89.4,0,-999,0,-999,-999
86.2,-69.4,-89.4,0,-999,0,-999,-999
86.1,-69.5,-89.5,0,-999,0,-999,-999
86.1,-69.6,-89.6,0,-999,0,-999,-999
85.8,-69.7,-89.7,0,-999,0,-999,-999
85.6,-69.8,-89.8,0,-999,0,-999,-999
85.3,-69.9,-89.9,0,-999,0,-999,-999
85.2,-69.9,-89.9,0,-999,0,-999,-999
85,-69.9,-89.9,0,17818,17818,-999,-999
84.9,-69.9,-89.9,0,17818,17818,-999,-999
84.8,-70,-90,0,-999,0,-999,-999
84.6,-70.1,-90.1,0,-999,0,-999,-999
84.5,-70.2,-90.2,0,-999,0,-999,-999
84.4,-70.2,-90.2,0,17859,17859,-999,-999
84.4,-70.3,-90.3,0,17859,17859,-999,-999
84.2,-70.3,-90.3,0,-999,0,-999,-999
84.2,-70.4,-90.4,0,-999,0,-999,-999
84,-70.4,-90.4,0,-999,0,-999,-999
84,-70.5,-90.5,0,-999,0,-999,-999
83.9,-70.5,-90.5,0,-999,0,-999,-999
83.5,-70.8,-90.8,0,-999,0,-999,-999
83.4,-70.8,-90.8,0,-999,0,-999,-999
83.3,-70.8,-90.8,0,-999,0,-999,-999
83.1,-70.9,-90.9,0,-999,0,-999,-999
82.9,-70.8,-90.8,0,-999,0,-999,-999
82.8,-70.8,-90.8,0,-999,0,-999,-999
82.7,-70.8,-90.8,0,17981,17981,-999,-999
82.8,-70.7,-90.7,0,-999,0,-999,-999
82.3,-70.7,-90.7,0,-999,0,-999,-999
82.1,-70.6,-90.6,0,-999,0,-999,-999
82,-70.6,-90.6,0,-999,0,-999,-999
81.8,-70.7,-90.7,0,-999,0,-999,-999
81.8,-70.7,-90.7,0,-999,0,-999,-999
81.5,-70.8,-90.8,0,18062,18062,-999,-999
81.4,-70.9,-90.9,0,-999,0,-999,-999
80.8,-71,-91,0,-999,0,-999,-999
80.8,-71.1,-91.1,0,-999,0,-999,-999
80.7,-71.1,-91.1,0,-999,0,-999,-999
80.6,-71.1,-91.1,0,-999,0,-999,-999
80.4,-71.1,-91.1,0,-999,0,-999,-999
80.4,-70.9,-90.9,0,-999,0,-999,-999
80.2,-70.7,-90.7,0,18157,18157,-999,-999
80.1,-70.6,-90.6,0,-999,0,-999,-999
80.1,-70.5,-90.5,0,-999,0,-999,-999
80,-70.5,-90.5,0,-999,0,-999,-999
79.9,-70.5,-90.5,0,18184,18184,-999,-999
79.7,-70.5,-90.5,0,-999,0,-999,-999
79.7,-70.5,-90.5,0,-999,0,-999,-999
79.5,-70.5,-90.5,0,-999,0,-999,-999
79.4,-70.5,-90.5,0,-999,0,-999,-999
79.4,-70.5,-90.5,0,-999,0,-999,-999
79.3,-70.6,-90.6,0,-999,0,-999,-999
79.1,-70.7,-90.7,0,-999,0,-999,-999
79.1,-70.7,-90.7,0,-999,0,-999,-999
79,-70.7,-90.7,0,-999,0,-999,-999
78.9,-70.7,-90.7,0,-999,0,-999,-999
78.9,-70.8,-90.8,0,-999,0,-999,-999
78.4,-70.9,-90.9,0,-999,0,-999,-999
78.2,-71,-91,0,-999,0,-999,-999
78.1,-71.1,-91.1,0,-999,0,-999,-999
77.8,-71.3,-91.3,0,-999,0,-999,-999
77.8,-71.3,-91.3,0,-999,0,-999,-999
77.7,-71.3,-91.3,0,-999,0,-999,-999
77.5,-71.4,-91.4,0,-999,0,-999,-999
77.3,-71.4,-91.4,0,-999,0,-999,-999
76.9,-71.6,-91.6,0,18414,18414,-999,-999
76.8,-71.6,-91.6,0,-999,0,-999,-999
76.7,-71.6,-91.6,0,-999,0,-999,-999
76.7,-71.8,-91.8,0,-999,0,-999,-999
76.6,-71.8,-91.8,0,-999,0,-999,-999
76.5,-71.9,-91.9,0,18441,18441,-999,-999
76.4,-71.9,-91.9,0,-999,0,-999,-999
76.3,-71.9,-91.9,0,-999,0,-999,-999
76.1,-72.1,-92.1,0,-999,0,-999,-999
75.9,-72.1,-92.1,0,18482,18482,-999,-999
75.9,-72.1,-92.1,0,-999,0,-999,-999
75.7,-72.5,-92.5,0,-999,0,-999,-999
75.6,-72.5,-92.5,0,-999,0,-999,-999
75.5,-72.5,-92.5,0,-999,0,-999,-999
75.4,-72.5,-92.5,0,-999,0,-999,-999
75.2,-72.6,-92.6,0,-999,0,-999,-999
74.9,-72.6,-92.6,0,18563,18563,-999,-999
74.9,-72.5,-92.5,0,-999,0,-999,-999
74.8,-72.5,-92.5,0,-999,0,-999,-999
74.8,-72.5,-92.5,0,-999,0,-999,-999
74.7,-72.5,-92.5,0,-999,0,-999,-999
74.7,-72.5,-92.5,0,-999,0,-999,-999
74.5,-72.5,-92.5,0,-999,0,-999,-999
74.2,-72.5,-92.5,0,-999,0,-999,-999
74.5,-72.5,-92.5,0,-999,0,-999,-999
74.2,-72.4,-92.4,0,-999,0,-999,-999
74.1,-72.3,-92.3,0,18631,18631,-999,-999
73.9,-72,-92,0,-999,0,-999,-999
73.8,-71.9,-91.9,0,-999,0,-999,-999
73.7,-71.9,-91.9,0,-999,0,-999,-999
73.6,-71.9,-91.9,0,-999,0,-999,-999
73.6,-71.9,-91.9,0,-999,0,-999,-999
73.4,-71.9,-91.9,0,-999,0,-999,-999
73.3,-71.9,-91.9,0,18699,18699,-999,-999
73.2,-71.9,-91.9,0,-999,0,-999,-999
73.1,-71.9,-91.9,0,-999,0,-999,-999
73,-72,-92,0,-999,0,-999,-999
73,-72,-92,0,-999,0,-999,-999
72.9,-72,-92,0,18726,18726,-999,-999
72.8,-72.1,-92.1,0,18726,18726,-999,-999
72.8,-72.1,-92.1,0,18739,18739,-999,-999
72.7,-72.1,-92.1,0,18739,18739,-999,-999
72.5,-72.2,-92.2,0,-999,0,-999,-999
72.2,-72.4,-92.4,0,-999,0,-999,-999
72.1,-72.4,-92.4,0,-999,0,-999,-999
71.9,-72.6,-92.6,0,-999,0,-999,-999
71.9,-72.7,-92.7,0,-999,0,-999,-999
72,-72.6,-92.6,0,18821,18821,-999,-999
71.8,-72.7,-92.7,0,-999,0,-999,-999
71.7,-72.7,-92.7,0,-999,0,-999,-999
71.7,-72.4,-92.4,0,-999,0,-999,-999
71.5,-72.1,-92.1,0,-999,0,-999,-999
71.4,-72.1,-92.1,0,-999,0,-999,-999
71,-72,-92,0,18875,18875,-999,-999
71,-72,-92,0,-999,0,-999,-999
70.8,-72,-92,0,-999,0,-999,-999
70.8,-72,-92,0,-999,0,-999,-999
70.6,-72,-92,0,-999,0,-999,-999
70.5,-72,-92,0,-999,0,-999,-999
70.7,-72,-92,0,-999,0,-999,-999
70.3,-72.1,-92.1,0,-999,0,-999,-999
70.1,-72.1,-92.1,0,-999,0,-999,-999
70.1,-72,-92,0,-999,0,-999,-999
70,-72,-92,0,-999,0,-999,-999
70,-72,-92,0,-999,0,-999,-999
69.9,-72,-92,0,-999,0,-999,-999
69.6,-71.8,-91.8,0,-999,0,-999,-999
69.4,-71.7,-91.7,0,-999,0,-999,-999
69.2,-71.6,-91.6,0,-999,0,-999,-999
69.1,-71.6,-91.6,0,-999,0,-999,-999
69.1,-71.6,-91.6,0,-999,0,-999,-999
68.9,-71.4,-91.4,0,-999,0,-999,-999
68.9,-71.4,-91.4,0,-999,0,-999,-999
68.8,-71.5,-91.5,0,-999,0,-999,-999
68.7,-71.4,-91.4,0,-999,0,-999,-999
68.6,-71.5,-91.5,0,-999,0,-999,-999
68.6,-71.5,-91.5,0,-999,0,-999,-999
68.5,-71.5,-91.5,0,-999,0,-999,-999
68.3,-71.5,-91.5,0,19105,19105,-999,-999
68.3,-71.5,-91.5,0,-999,0,-999,-999
68.2,-71.5,-91.5,0,-999,0,-999,-999
68.1,-71.6,-91.6,0,19132,19132,-999,-999
68,-71.6,-91.6,0,-999,0,-999,-999
67.9,-71.7,-91.7,0,-999,0,-999,-999
67.8,-71.7,-91.7,0,-999,0,-999,-999
67.7,-71.8,-91.8,0,-999,0,-999,-999
67.7,-71.8,-91.8,0,19173,19173,-999,-999
67.6,-71.8,-91.8,0,-999,0,-999,-999
67.5,-71.8,-91.8,0,-999,0,-999,-999
67.4,-71.7,-91.7,0,-999,0,-999,-999
67.2,-71.6,-91.6,0,-999,0,-999,-999
67.2,-71.6,-91.6,0,-999,0,-999,-999
67.1,-71.6,-91.6,0,-999,0,-999,-999
67.1,-71.6,-91.6,0,-999,0,-999,-999
66.9,-71.4,-91.4,0,-999,0,-999,-999
66.8,-71.3,-91.3,0,-999,0,-999,-999
66.7,-71.2,-91.2,0,-999,0,-999,-999
66.7,-71.1,-91.1,0,19254,19254,-999,-999
66.6,-71.1,-91.1,0,19268,19268,-999,-999
66.5,-70.9,-90.9,0,-999,0,-999,-999
66.4,-70.8,-90.8,0,-999,0,-999,-999
66.3,-70.9,-90.9,0,-999,0,-999,-999
66.2,-70.9,-90.9,0,-999,0,-999,-999
66.2,-71,-91,0,-999,0,-999,-999
65.8,-71,-91,0,19322,19322,-999,-999
65.8,-71,-91,0,-999,0,-999,-999
65.7,-71,-91,0,-999,0,-999,-999
65.7,-71,-91,0,-999,0,-999,-999
65.5,-71,-91,0,-999,0,-999,-999
65.2,-70.6,-90.6,0,-999,0,-999,-999
65.2,-70.5,-90.5,0,19390,19390,-999,-999
65.1,-70.6,-90.6,0,-999,0,-999,-999
64.9,-70.6,-90.6,0,-999,0,-999,-999
64.8,-70.6,-90.6,0,-999,0,-999,-999
64.7,-70.6,-90.6,0,-999,0,-999,-999
64.6,-70.6,-90.6,0,-999,0,-999,-999
64.5,-70.6,-90.6,0,-999,0,-999,-999
64.5,-70.6,-90.6,0,-999,0,-999,-999
64.4,-70.6,-90.6,0,19471,19471,-999,-999
64.3,-70.7,-90.7,0,-999,0,-999,-999
64.2,-70.7,-90.7,0,19485,19485,-999,-999
64.1,-70.8,-90.8,0,-999,0,-999,-999
64.1,-70.8,-90.8,0,-999,0,-999,-999
64.1,-70.8,-90.8,0,19498,19498,-999,-999
64,-70.8,-90.8,0,-999,0,-999,-999
63.9,-70.9,-90.9,0,-999,0,-999,-999
63.6,-70.9,-90.9,0,-999,0,-999,-999
63.5,-70.9,-90.9,0,19552,19552,-999,-999
63.3,-70.9,-90.9,0,-999,0,-999,-999
63.3,-70.9,-90.9,0,-999,0,-999,-999
63,-70.9,-90.9,0,19593,19593,-999,-999
62.9,-71,-91,0,-999,0,-999,-999
62.8,-71.1,-91.1,0,-999,0,-999,-999
62.6,-71.1,-91.1,0,-999,0,-999,-999
62.5,-71.1,-91.1,0,-999,0,-999,-999
62.5,-71.2,-91.2,0,19647,19647,-999,-999
62.3,-71.3,-91.3,0,-999,0,-999,-999
62.4,-71.3,-91.3,0,-999,0,-999,-999
62.3,-71.3,-91.3,0,19661,19661,-999,-999
62.2,-71.4,-91.4,0,-999,0,-999,-999
62.2,-71.4,-91.4,0,-999,0,-999,-999
62,-71.4,-91.4,0,-999,0,-999,-999
62,-71.5,-91.5,0,-999,0,-999,-999
61.9,-71.4,-91.4,0,-999,0,-999,-999
61.8,-71.5,-91.5,0,-999,0,-999,-999
61.7,-71.4,-91.4,0,19729,19729,-999,-999
61.6,-71.6,-91.6,0,-999,0,-999,-999
61.6,-71.4,-91.4,0,-999,0,-999,-999
61.5,-71.3,-91.3,0,-999,0,-999,-999
61.4,-71.4,-91.4,0,-999,0,-999,-999
61.3,-71.2,-91.2,0,-999,0,-999,-999
61.2,-71.2,-91.2,0,-999,0,-999,-999
61.1,-71.1,-91.1,0,-999,0,-999,-999
61.1,-71.1,-91.1,0,-999,0,-999,-999
61,-71.1,-91.1,0,-999,0,-999,-999
60.9,-71.1,-91.1,0,-999,0,-999,-999
60.9,-71.1,-91.1,0,-999,0,-999,-999
60.8,-71.1,-91.1,0,-999,0,-999,-999
60.8,-71.1,-91.1,0,-999,0,-999,-999
60.7,-71.1,-91.1,0,19823,19823,-999,-999
60.6,-71.1,-91.1,0,-999,0,-999,-999
60.5,-71.1,-91.1,0,-999,0,-999,-999
60.5,-71.1,-91.1,0,-999,0,-999,-999
60.3,-70.9,-90.9,0,-999,0,-999,-999
60.4,-70.7,-90.7,0,-999,0,-999,-999
60.3,-71.1,-91.1,0,-999,0,-999,-999
60.8,-71.2,-91.2,0,-999,0,-999,-999
60.9,-70.5,-90.5,0,19796,19796,-999,-999
61.2,-70.7,-90.7,0,-999,0,-999,-999
61.2,-70.9,-90.9,0,-999,0,-999,-999
61.2,-70.6,-90.6,0,-999,0,-999,-999
61.3,-70.7,-90.7,0,-999,0,-999,-999
61.5,-70.8,-90.8,0,-999,0,-999,-999
61.3,-71,-91,0,-999,0,-999,-999
61.6,-71,-91,0,-999,0,-999,-999
61.8,-71.2,-91.2,0,-999,0,-999,-999
62,-71.2,-91.2,0,-999,0,-999,-999
62.4,-70.9,-90.9,0,-999,0,-999,-999
63.1,-70.6,-90.6,0,-999,0,-999,-999
62.6,-70.8,-90.8,0,-999,0,-999,-999
63.3,-71,-91,0,-999,0,-999,-999
63.4,-71.2,-91.2,0,-999,0,-999,-999
64.2,-70.5,-90.5,0,-999,0,-999,-999
63.8,-70.8,-90.8,0,-999,0,-999,-999
64,-70.8,-90.8,0,-999,0,-999,-999
64.3,-70.5,-90.5,0,-999,0,-999,-999
64.7,-70.6,-90.6,0,-999,0,-999,-999
65,-70.4,-90.4,0,-999,0,-999,-999
64.9,-70.7,-90.7,0,-999,0,-999,-999
65.3,-71,-91,0,-999,0,-999,-999
65.5,-71,-91,0,-999,0,-999,-999
65.7,-71,-91,0,-999,0,-999,-999
64.9,-70.8,-90.8,0,-999,0,-999,-999
66,-70.7,-90.7,0,-999,0,-999,-999
66.1,-71,-91,0,-999,0,-999,-999
66.8,-71.2,-91.2,0,19254,19254,-999,-999
66.9,-71.4,-91.4,0,-999,0,-999,-999
67.5,-71.6,-91.6,0,-999,0,-999,-999
67.5,-71.7,-91.7,0,-999,0,-999,-999
67.9,-71.1,-91.1,0,-999,0,-999,-999
68.1,-71,-91,0,-999,0,-999,-999
68.2,-70.9,-90.9,0,-999,0,-999,-999
68.5,-70.8,-90.8,0,-999,0,-999,-999
68.5,-71.2,-91.2,0,19092,19092,-999,-999
68.6,-70.9,-90.9,0,19078,19078,-999,-999
69,-71.3,-91.3,0,-999,0,-999,-999
69.3,-70.8,-90.8,0,-999,0,-999,-999
69.2,-70.8,-90.8,0,-999,0,-999,-999
69.5,-71,-91,0,19037,19037,-999,-999
69.7,-71.1,-91.1,0,-999,0,-999,-999
69.6,-71.1,-91.1,0,-999,0,-999,-999
69.7,-71.6,-91.6,0,-999,0,-999,-999
70,-71.4,-91.4,0,-999,0,-999,-999
70.3,-71.7,-91.7,0,-999,0,-999,-999
70.3,-71.6,-91.6,0,-999,0,-999,-999
70.8,-71.2,-91.2,0,-999,0,-999,-999
71,-71.4,-91.4,0,-999,0,-999,-999
71.6,-71.2,-91.2,0,-999,0,-999,-999
71.6,-71.2,-91.2,0,-999,0,-999,-999
72.4,-71.4,-91.4,0,-999,0,-999,-999
72.6,-71.6,-91.6,0,-999,0,-999,-999
72.5,-71.8,-91.8,0,-999,0,-999,-999
73.4,-71.7,-91.7,0,-999,0,-999,-999
73.2,-71.2,-91.2,0,-999,0,-999,-999
73.5,-71.3,-91.3,0,18699,18699,-999,-999
73.9,-71.3,-91.3,0,-999,0,-999,-999
74.8,-71.1,-91.1,0,-999,0,-999,-999
74.9,-71.8,-91.8,0,-999,0,-999,-999
75,-71.5,-91.5,0,-999,0,-999,-999
75.2,-71.6,-91.6,0,18550,18550,-999,-999
75.3,-72,-92,0,-999,0,-999,-999
76.2,-71.5,-91.5,0,-999,0,-999,-999
76.2,-71.6,-91.6,0,18482,18482,-999,-999
76.7,-71.2,-91.2,0,-999,0,-999,-999
76.8,-71.2,-91.2,0,18428,18428,-999,-999
76.8,-71.2,-91.2,0,-999,0,-999,-999
77.3,-71,-91,0,-999,0,-999,-999
77.2,-71.1,-91.1,0,-999,0,-999,-999
77.5,-70.9,-90.9,0,-999,0,-999,-999
78.1,-70.8,-90.8,0,-999,0,-999,-999
78.4,-70.7,-90.7,0,-999,0,-999,-999
78.8,-70.3,-90.3,0,-999,0,-999,-999
79,-70.4,-90.4,0,-999,0,-999,-999
79.3,-70.1,-90.1,0,-999,0,-999,-999
80,-70.1,-90.1,0,18197,18197,-999,-999
80.1,-70.1,-90.1,0,18184,18184,-999,-999
80.2,-70.3,-90.3,0,-999,0,-999,-999
80.3,-70.6,-90.6,0,-999,0,-999,-999
80.8,-70.6,-90.6,0,-999,0,-999,-999
81.1,-70.6,-90.6,0,-999,0,-999,-999
81.1,-70.5,-90.5,0,-999,0,-999,-999
81.6,-70.5,-90.5,0,-999,0,-999,-999
82.2,-70.3,-90.3,0,-999,0,-999,-999
82.3,-70.4,-90.4,0,-999,0,-999,-999
82.5,-70.7,-90.7,0,-999,0,-999,-999
82.5,-70.7,-90.7,0,-999,0,-999,-999
82.6,-70.5,-90.5,0,-999,0,-999,-999
83.3,-70.7,-90.7,0,17953,17953,-999,-999
83.3,-70.5,-90.5,0,-999,0,-999,-999
83.6,-70.6,-90.6,0,-999,0,-999,-999
84.2,-70.4,-90.4,0,-999,0,-999,-999
84.5,-70.1,-90.1,0,-999,0,-999,-999
84.8,-69.8,-89.8,0,-999,0,-999,-999
85.1,-69.7,-89.7,0,17832,17832,-999,-999
85.2,-69.6,-89.6,0,-999,0,-999,-999
86,-69.4,-89.4,0,-999,0,-999,-999
86,-69.5,-89.5,0,-999,0,-999,-999
86.1,-69.6,-89.6,0,-999,0,-999,-999
86.6,-69.9,-89.9,0,-999,0,-999,-999
86.7,-70.3,-90.3,0,-999,0,-999,-999
86.6,-70.6,-90.6,0,-999,0,-999,-999
87.2,-70.4,-90.4,0,-999,0,-999,-999
87.3,-70.5,-90.5,0,-999,0,-999,-999
87.5,-70.5,-90.5,0,-999,0,-999,-999
87.6,-70.7,-90.7,0,-999,0,-999,-999
87.9,-70.8,-90.8,0,17655,17655,-999,-999
87.8,-70.6,-90.6,0,17642,17642,-999,-999
88.1,-70.5,-90.5,0,-999,0,-999,-999
88.3,-70.9,-90.9,0,17615,17615,-999,-999
88.4,-70.6,-90.6,0,-999,0,-999,-999
88.4,-70.6,-90.6,0,-999,0,-999,-999
88.5,-70.9,-90.9,0,-999,0,-999,-999
88.8,-71.2,-91.2,0,-999,0,-999,-999
89,-71.1,-91.1,0,-999,0,-999,-999
89.2,-71.1,-91.1,0,-999,0,-999,-999
89.3,-71.6,-91.6,0,-999,0,-999,-999
89.8,-71.8,-91.8,0,-999,0,-999,-999
90.1,-71.6,-91.6,0,17479,17479,-999,-999
91.9,-71.2,-91.2,0,-999,0,-999,-999
92.6,-70.8,-90.8,0,-999,0,-999,-999
94.6,-70.1,-90.1,0,-999,0,-999,-999
95,-70.1,-90.1,0,-999,0,-999,-999
95.3,-69.9,-89.9,0,-999,0,-999,-999
95.9,-70.2,-90.2,0,-999,0,-999,-999
96.2,-70.1,-90.1,0,-999,0,-999,-999
96.4,-70.2,-90.2,0,-999,0,-999,-999
96.7,-69.9,-89.9,0,-999,0,-999,-999
97.1,-69.9,-89.9,0,-999,0,-999,-999
97.1,-70,-90,0,-999,0,-999,-999
97.5,-69.5,-89.5,0,-999,0,-999,-999
97.7,-69.6,-89.6,0,17032,17032,-999,-999
97.8,-69.4,-89.4,0,-999,0,-999,-999
98,-69.3,-89.3,0,-999,0,-999,-999
98.2,-69.2,-89.2,0,-999,0,-999,-999
98.3,-69.1,-89.1,0,-999,0,-999,-999
98.4,-69.1,-89.1,0,-999,0,-999,-999
99.2,-68.8,-88.8,0,-999,0,-999,-999
99.2,-68.9,-88.9,0,-999,0,-999,-999
100.1,-69,-89,0,-999,0,-999,-999
100.2,-68.8,-88.8,0,-999,0,-999,-999
100.4,-68.7,-88.7,0,-999,0,-999,-999
100.6,-68.6,-88.6,0,-999,0,-999,-999
100.9,-68.5,-88.5,0,16829,16829,-999,-999
101.1,-68.5,-88.5,0,-999,0,-999,-999
101.4,-68.5,-88.5,0,16802,16802,-999,-999
102,-68.1,-88.1,0,-999,0,-999,-999
102.1,-68,-88,0,-999,0,-999,-999
102.9,-67.7,-87.7,0,-999,0,-999,-999
103.9,-67.4,-87.4,0,-999,0,-999,-999
104.9,-66.9,-86.9,0,-999,0,-999,-999
105.2,-67.2,-87.2,0,-999,0,-999,-999
106.6,-66.6,-86.6,0,-999,0,-999,-999
107.9,-66.1,-86.1,0,16422,16422,-999,-999
108.4,-65.9,-85.9,0,-999,0,-999,-999
108.5,-66,-86,0,-999,0,-999,-999
108.7,-65.8,-85.8,0,-999,0,-999,-999
108.7,-65.8,-85.8,0,-999,0,-999,-999
109,-65.7,-85.7,0,-999,0,-999,-999
109,-65.6,-85.6,0,-999,0,-999,-999
109.2,-65.6,-85.6,0,-999,0,-999,-999
109.5,-65.4,-85.4,0,-999,0,-999,-999
113.1,-63.7,-83.7,0,-999,0,-999,-999
118.1,-61.2,-81.2,0,-999,0,-999,-999
122.6,-59.9,-79.9,0,-999,0,-999,-999
131,-57.4,-77.4,0,-999,0,-999,-999
128.3,-57.8,-77.8,0,-999,0,-999,-999
128.8,-57.7,-77.7,0,-999,0,-999,-999
130.4,-57.6,-77.6,0,-999,0,-999,-999
131,-58.1,-78.1,0,-999,0,-999,-999
133.4,-57.3,-77.3,0,-999,0,-999,-999
136.3,-57,-77,0,-999,0,-999,-999
136.7,-56.9,-76.9,0,-999,0,-999,-999
137.6,-56.8,-76.8,0,-999,0,-999,-999
138,-56.8,-76.8,0,-999,0,-999,-999
139.5,-56.4,-76.4,0,-999,0,-999,-999
142.1,-55.9,-75.9,0,-999,0,-999,-999
148,-54.6,-74.6,0,-999,0,-999,-999
151.8,-55.2,-75.2,0,-999,0,-999,-999
150.4,-55.4,-75.4,0,-999,0,-999,-999
151,-55.5,-75.5,0,-999,0,-999,-999
151.2,-55.5,-75.5,0,-999,0,-999,-999
152.3,-55.7,-75.7,0,-999,0,-999,-999
152.6,-56.1,-76.1,0,-999,0,-999,-999
154.9,-55.6,-75.6,0,-999,0,-999,-999
155.2,-55.5,-75.5,0,-999,0,-999,-999
155.3,-55.5,-75.5,0,-999,0,-999,-999
155.7,-55.4,-75.4,0,-999,0,-999,-999
160.4,-55.7,-75.7,0,-999,0,-999,-999
165.1,-55.7,-75.7,0,-999,0,-999,-999
168.1,-55.5,-75.5,0,-999,0,-999,-999
168.5,-55.4,-75.4,0,-999,0,-999,-999
168.6,-55.4,-75.4,0,-999,0,-999,-999
174.4,-56.4,-76.4,0,-999,0,-999,-999
176.1,-56.1,-75.9,1,-999,0,-999,-999
178.1,-55.7,-75.3,2,-999,0,-999,-999
198.2,-58.2,-74.2,20,-999,0,-999,-999
198.5,-58,-74,20,-999,0,-999,-999
198.4,-58,-73.8,21,-999,0,-999,-999
199.1,-58.1,-73.9,21,-999,0,-999,-999
199.4,-58,-73.8,21,-999,0,-999,-999
199.9,-57.8,-73.4,22,-999,0,-999,-999
200.2,-57.8,-73.4,22,-999,0,-999,-999
200.7,-57.6,-73,23,-999,0,-999,-999
201.4,-57.4,-72.8,23,-999,0,-999,-999
201.6,-57.4,-72.6,24,-999,0,-999,-999
202,-57.3,-72.5,24,-999,0,-999,-999
203.1,-57.2,-72.2,25,-999,0,-999,-999
204.6,-57,-71.6,27,-999,0,-999,-999
204.9,-57,-71.6,27,-999,0,-999,-999
205.3,-57,-71.6,27,-999,0,-999,-999
205.9,-56.9,-71.3,28,-999,0,-999,-999
209.1,-56,-70,30,-999,0,-999,-999
209.3,-56.1,-70.1,30,-999,0,-999,-999
209.6,-56.1,-70.1,30,-999,0,-999,-999
210.8,-55.8,-69.6,31,-999,0,-999,-999
211.3,-55.6,-69.4,31,-999,0,-999,-999
217.3,-55.1,-68.7,32,-999,0,-999,-999
218.7,-54.9,-68.3,33,-999,0,-999,-999
219,-54.9,-68.3,33,-999,0,-999,-999
220.4,-54.6,-68,33,-999,0,-999,-999
222.3,-54.2,-67.4,34,-999,0,-999,-999
222.5,-54.1,-67.3,34,-999,0,-999,-999
222.7,-54,-67.2,34,-999,0,-999,-999
223.8,-53.8,-67,34,-999,0,-999,-999
224.1,-53.7,-66.9,34,-999,0,-999,-999
225.6,-53.3,-66.3,35,-999,0,-999,-999
226.2,-53.2,-66.2,35,-999,0,-999,-999
227.8,-52.8,-65.8,35,-999,0,-999,-999
228.8,-52.6,-65.6,35,-999,0,-999,-999
229,-52.5,-65.5,35,-999,0,-999,-999
229.2,-52.5,-65.5,35,-999,0,-999,-999
232.3,-52,-64.8,36,-999,0,-999,-999
233.8,-51.6,-64.4,36,-999,0,-999,-999
234.2,-51.3,-63.9,37,-999,0,-999,-999
238.8,-50.4,-63,37,-999,0,-999,-999
239.5,-50.2,-62.8,37,-999,0,-999,-999
239.6,-50.2,-62.8,37,-999,0,-999,-999
240.1,-50.1,-62.7,37,-999,0,-999,-999
240.9,-50,-62.4,38,-999,0,-999,-999
241.4,-49.9,-62.3,38,-999,0,-999,-999
243.9,-49.2,-61.6,38,-999,0,-999,-999
246.1,-49,-61.4,38,-999,0,-999,-999
246.1,-48.8,-61,39,-999,0,-999,-999
256.3,-47.4,-59.2,41,-999,0,-999,-999
265.7,-45.7,-57.3,42,-999,0,-999,-999
270.8,-44.7,-56.3,42,10623,10623,-999,-999
271,-44.5,-56.1,42,10637,10637,-999,-999
271.2,-44.5,-56.1,42,-999,0,-999,-999
273,-44.2,-55.8,42,-999,0,-999,-999
273.4,-44.1,-55.7,42,-999,0,-999,-999
273.6,-44,-55.6,42,10569,10569,-999,-999
273.9,-44,-55.4,43,-999,0,-999,-999
277.7,-43.2,-54.8,42,-999,0,-999,-999
278.6,-43,-54.4,43,10447,10447,-999,-999
283.6,-42.1,-53.5,43,-999,0,-999,-999
283.1,-42,-53.4,43,-999,0,-999,-999
285.4,-41.6,-53,43,10311,10311,-999,-999
284.5,-41.9,-53.3,43,-999,0,-999,-999
283.1,-42.3,-53.7,43,-999,0,-999,-999
285,-41.5,-52.9,43,10284,10284,-999,-999
285.4,-41.5,-52.9,43,10284,10284,-999,-999
285.4,-41.6,-53,43,-999,0,-999,-999
285.8,-41.4,-52.8,43,-999,0,-999,-999
286.5,-41.3,-52.7,43,10257,10257,-999,-999
286.9,-41.2,-52.6,43,-999,0,-999,-999
287.1,-41.3,-52.7,43,-999,0,-999,-999
287.7,-41,-52.4,43,-999,0,-999,-999
288,-41.2,-52.6,43,-999,0,-999,-999
288.4,-40.9,-52.3,43,-999,0,-999,-999
288.5,-41.1,-52.5,43,10203,10203,-999,-999
289.2,-40.9,-52.3,43,-999,0,-999,-999
289.3,-40.8,-52.2,43,-999,0,-999,-999
290,-40.7,-51.9,44,10176,10176,-999,-999
290.2,-40.6,-51.8,44,-999,0,-999,-999
290.5,-40.6,-51.8,44,-999,0,-999,-999
287.8,-40.5,-51.1,47,10135,10135,-999,-999
292.9,-40.2,-50.8,47,-999,0,-999,-999
296.6,-36.2,-47.2,45,-999,0,-999,-999
298.3,-38.2,-48,51,-999,0,-999,-999
299.8,-38.2,-48.4,49,-999,0,-999,-999
298.4,-38.5,-48.7,49,-999,0,-999,-999
310.1,-38.2,-49,46,9905,9905,-999,-999
300,-39.7,-50.3,47,-999,0,-999,-999
309.9,-37.2,-48.2,45,-999,0,-999,-999
300,-38.4,-48.6,49,-999,0,-999,-999
305.8,-36.2,-46.8,47,-999,0,-999,-999
308.4,-36.8,-46.6,51,-999,0,-999,-999
308.8,-36.9,-46.5,52,-999,0,-999,-999
308.8,-36.9,-46.5,52,-999,0,-999,-999
307.1,-35.9,-44.9,55,9742,9742,-999,-999
312.4,-35.7,-45.1,53,-999,0,-999,-999
459.2,-16.7,-23.1,68,-999,0,-999,-999
